,product Name,Prices,Description,Reviews
0,"POCO M4 Pro (Yellow, 64 GB)","₹10,999","6 GB RAM | 64 GB ROM | Expandable Upto 1 TB16.33 cm (6.43 inch) Full HD+ AMOLED Display64MP + 8MP + 2MP | 16MP Front Camera5000 mAh Lithium-ion Polymer BatteryMediatek Helio G96 ProcessorOne Year for Handset, 6 Months for Accessories",4.3
1,"REDMI 10 (Caribbean Green, 128 GB)","₹10,999",6 GB RAM | 128 GB ROM | Expandable Upto 1 TB17.02 cm (6.7 inch) HD+ Display50MP + 2MP | 5MP Front Camera6000 mAh Lithium Polymer BatteryQualcomm Snapdragon 680 Processor1 Year Warranty for Phone and 6 Months Warranty for In-Box Accessories,4.2
2,"POCO M5 (Icy Blue, 128 GB)","₹10,749","6 GB RAM | 128 GB ROM | Expandable Upto 512 GB16.71 cm (6.58 inch) Full HD+ Display50MP + 2MP Depth Sensor + 2MP Macro Sensor | 8MP Front Camera5000 mAh Lithium-ion Polymer BatteryMediatek Helio G99 Processor1 Year for Handset, 6 Months for Accessories",4.2
3,"REDMI Note 12 (Ice Blue, 64 GB)","₹13,999",6 GB RAM | 64 GB ROM | Expandable Upto 1 TB16.94 cm (6.67 inch) Full HD+ Super AMOLED Display50MP + 8MP + 2MP | 13MP Front Camera5000 mAh BatterySnapdragon 685 Processor1 Year Manufacturer Warranty for Phone and 6 Months Warranty for In the Box Accessories,4.1
4,"realme 10 (Rush Black, 64 GB)","₹11,999",4 GB RAM | 64 GB ROM | Expandable Upto 1 TB16.26 cm (6.4 inch) Full HD+ Display50MP + 2MP | 16MP Front Camera5000 mAh BatteryMediatek Helio G99 Octa Core Processor1 Year Manufacturer Warranty for Phone and 6 Months Warranty for In-Box Accessories,4.2
5,"SAMSUNG Galaxy F14 5G (GOAT Green, 128 GB)","₹14,990","6 GB RAM | 128 GB ROM | Expandable Upto 1 TB16.76 cm (6.6 inch) Full HD+ Display50MP + 2MP | 13MP Front Camera6000 mAh BatteryExynos 1330, Octa Core Processor1 Year Manufacturer Warranty for Device and 6 Months Manufacturer Warranty for In-Box Accessories",4.2
6,"MOTOROLA G32 (Satin Silver, 128 GB)","₹11,999",8 GB RAM | 128 GB ROM16.51 cm (6.5 inch) Full HD+ Display50MP + 8MP + 2MP | 16MP Front Camera5000 mAh Lithium Polymer BatteryQualcomm Snapdragon 680 Processor1 Year on Handset and 6 Months on Accessories,4.1
7,"realme 10 (Clash White, 128 GB)","₹14,999",8 GB RAM | 128 GB ROM | Expandable Upto 1 TB16.26 cm (6.4 inch) Full HD+ Display50MP + 2MP | 16MP Front Camera5000 mAh BatteryMediatek Helio G99 Octa Core Processor1 Year Manufacturer Warranty for Phone and 6 Months Warranty for In-Box Accessories,4.3
8,"realme 10 (Clash White, 64 GB)","₹11,999",4 GB RAM | 64 GB ROM | Expandable Upto 1 TB16.26 cm (6.4 inch) Full HD+ Display50MP + 2MP | 16MP Front Camera5000 mAh BatteryMediatek Helio G99 Octa Core Processor1 Year Manufacturer Warranty for Phone and 6 Months Warranty for In-Box Accessories,4.2
9,"SAMSUNG Galaxy F14 5G (OMG Black, 128 GB)","₹14,990","6 GB RAM | 128 GB ROM | Expandable Upto 1 TB16.76 cm (6.6 inch) Full HD+ Display50MP + 2MP | 13MP Front Camera6000 mAh BatteryExynos 1330, Octa Core Processor1 Year Manufacturer Warranty for Device and 6 Months Manufacturer Warranty for In-Box Accessories",4.2
10,"POCO M4 Pro (Yellow, 128 GB)","₹13,999","8 GB RAM | 128 GB ROM | Expandable Upto 1 TB16.33 cm (6.43 inch) Full HD+ AMOLED Display64MP + 8MP + 2MP | 16MP Front Camera5000 mAh Lithium-ion Polymer BatteryMediatek Helio G96 ProcessorOne Year for Handset, 6 Months for Accessories",4.2
11,"REDMI Note 12 (Sunrise Gold, 64 GB)","₹13,999",6 GB RAM | 64 GB ROM | Expandable Upto 1 TB16.94 cm (6.67 inch) Full HD+ Super AMOLED Display50MP + 8MP + 2MP | 13MP Front Camera5000 mAh BatterySnapdragon 685 Processor1 Year Manufacturer Warranty for Phone and 6 Months Warranty for In the Box Accessories,4.1
12,"realme 10 (Rush Black, 128 GB)","₹14,999",8 GB RAM | 128 GB ROM | Expandable Upto 1 TB16.26 cm (6.4 inch) Full HD+ Display50MP + 2MP | 16MP Front Camera5000 mAh BatteryMediatek Helio G99 Octa Core Processor1 Year Manufacturer Warranty for Phone and 6 Months Warranty for In-Box Accessories,4.3
13,"REDMI Note 12 (Lunar Black, 64 GB)","₹13,999",6 GB RAM | 64 GB ROM | Expandable Upto 1 TB16.94 cm (6.67 inch) Full HD+ Super AMOLED Display50MP + 8MP + 2MP | 13MP Front Camera5000 mAh BatterySnapdragon 685 Processor1 Year Manufacturer Warranty for Phone and 6 Months Warranty for In the Box Accessories,4.1
14,"OPPO A17k (Blue, 64 GB)","₹9,499",3 GB RAM | 64 GB ROM | Expandable Upto 2 TB16.66 cm (6.56 inch) HD+ Display8MP Rear Camera | 5MP Front Camera5000 mAh BatteryMediatek Helio P35 Processor1 Year on Handset and 6 Months on Accessories,4.5
15,"POCO M4 5G (Cool Blue, 64 GB)","₹12,999",4 GB RAM | 64 GB ROM | Expandable Upto 512 GB16.71 cm (6.58 inch) Full HD+ Display50MP + 2MP | 8MP Front Camera5000 mAh Lithium Ion Polymer BatteryMediatek Dimensity 700 Processor1 Year Warranty for Handset and 6 Months for Accessories,4.2
16,"SAMSUNG Galaxy F13 (Waterfall Blue, 128 GB)","₹11,999",4 GB RAM | 128 GB ROM | Expandable Upto 1 TB16.76 cm (6.6 inch) Full HD+ Display50MP + 5MP + 2MP | 8MP Front Camera6000 mAh Lithium Ion BatteryExynos 850 Processor1 Year Warranty Provided By the Manufacturer from Date of Purchase,4.3
17,"POCO M5 (Power Black, 128 GB)","₹10,749","6 GB RAM | 128 GB ROM | Expandable Upto 512 GB16.71 cm (6.58 inch) Full HD+ Display50MP + 2MP Depth Sensor + 2MP Macro Sensor | 8MP Front Camera5000 mAh Lithium-ion Polymer BatteryMediatek Helio G99 Processor1 Year for Handset, 6 Months for Accessories",4.2
18,"REDMI 11 Prime (Flashy Black, 64 GB)","₹9,999",4 GB RAM | 64 GB ROM | Expandable Upto 512 GB16.71 cm (6.58 inch) Full HD+ Display50MP + 2MP + 2MP | 8MP Front Camera5000 mAh BatteryHelio G99 Processor1 Year Manufacturer Warranty for Phone and 6 Months Warranty for In the Box Accessories,4.3
19,"SAMSUNG Galaxy F13 (Nightsky Green, 64 GB)","₹10,999",4 GB RAM | 64 GB ROM | Expandable Upto 1 TB16.76 cm (6.6 inch) Full HD+ Display50MP + 5MP + 2MP | 8MP Front Camera6000 mAh Lithium Ion BatteryExynos 850 Processor1 Year Warranty Provided By the Manufacturer from Date of Purchase,4.3
20,"REDMI 10 (Pacific Blue, 128 GB)","₹10,999",6 GB RAM | 128 GB ROM | Expandable Upto 1 TB17.02 cm (6.7 inch) HD+ Display50MP + 2MP | 5MP Front Camera6000 mAh Lithium Polymer BatteryQualcomm Snapdragon 680 Processor1 Year Warranty for Phone and 6 Months Warranty for In-Box Accessories,4.2
21,"REDMI 11 Prime (Peppy Purple, 64 GB)","₹9,999",4 GB RAM | 64 GB ROM | Expandable Upto 512 GB16.71 cm (6.58 inch) Full HD+ Display50MP + 2MP + 2MP | 8MP Front Camera5000 mAh BatteryHelio G99 Processor1 Year Manufacturer Warranty for Phone and 6 Months Warranty for In the Box Accessories,4.3
22,"Infinix HOT 20 5G (Space Blue, 64 GB)","₹11,499",4 GB RAM | 64 GB ROM | Expandable Upto 1 TB16.76 cm (6.6 inch) Full HD+ Display50MP + AI Lens | 8MP Front Camera5000 mAh Li-ion Polymer BatteryDimensity 810 Processor1 Year on Handset and 6 Months on Accessories,4.2
23,"Infinix HOT 20 5G (Blaster Green, 64 GB)","₹11,499",4 GB RAM | 64 GB ROM | Expandable Upto 1 TB16.76 cm (6.6 inch) Full HD+ Display50MP + AI Lens | 8MP Front Camera5000 mAh Li-ion Polymer BatteryDimensity 810 Processor1 Year on Handset and 6 Months on Accessories,4.2
24,"Infinix HOT 20 5G (Space Blue, 64 GB)","₹11,499",4 GB RAM | 64 GB ROM | Expandable Upto 1 TB16.76 cm (6.6 inch) Full HD+ Display50MP + AI Lens | 8MP Front Camera5000 mAh Li-ion Polymer BatteryDimensity 810 Processor1 Year on Handset and 6 Months on Accessories,4.2
25,"SAMSUNG Galaxy M04 (Light Green, 64 GB)","₹8,836",4 GB RAM | 64 GB ROM16.51 cm (6.5 inch) HD+ Display13MP + 2MP | 5MP Front Camera5000 mAh BatteryMediaTek Helio P35 Processor1 year manufacturer warranty for device and 6 months manufacturer warranty for in-box accessories including batteries from the date of purchase,4.1
26,"Infinix Zero 5G 2023 (Submariner Black, 128 GB)","₹14,999",8 GB RAM | 128 GB ROM | Expandable Upto 256 GB17.22 cm (6.78 inch) Full HD+ Display50MP + 2MP + 2MP | 16MP Front Camera5000 mAh Lithium-ion Polymer BatteryMediatek Dimensity 920 Processor1 Year on Handset and 6 Months on Accessories,4.1
27,"Infinix Zero 5G 2023 (Pearly White, 128 GB)","₹14,999",8 GB RAM | 128 GB ROM | Expandable Upto 256 GB17.22 cm (6.78 inch) Full HD+ Display50MP + 2MP + 2MP | 16MP Front Camera5000 mAh Lithium-ion Polymer BatteryMediatek Dimensity 920 Processor1 Year on Handset and 6 Months on Accessories,4.1
28,"SAMSUNG Galaxy F13 (Sunrise Copper, 128 GB)","₹11,999",4 GB RAM | 128 GB ROM | Expandable Upto 1 TB16.76 cm (6.6 inch) Full HD+ Display50MP + 5MP + 2MP | 8MP Front Camera6000 mAh Lithium Ion BatteryExynos 850 Processor1 Year Warranty Provided By the Manufacturer from Date of Purchase,4.3
29,"SAMSUNG Galaxy F13 (Waterfall Blue, 64 GB)","₹10,999",4 GB RAM | 64 GB ROM | Expandable Upto 1 TB16.76 cm (6.6 inch) Full HD+ Display50MP + 5MP + 2MP | 8MP Front Camera6000 mAh Lithium Ion BatteryExynos 850 Processor1 Year Warranty Provided By the Manufacturer from Date of Purchase,4.3
30,"Infinix HOT 20 5G (Racing Black, 64 GB)","₹11,499",4 GB RAM | 64 GB ROM | Expandable Upto 1 TB16.76 cm (6.6 inch) Full HD+ Display50MP + AI Lens | 8MP Front Camera5000 mAh Li-ion Polymer BatteryDimensity 810 Processor1 Year on Handset and 6 Months on Accessories,4.2
31,"SAMSUNG Galaxy F13 (Nightsky Green, 128 GB)","₹11,999",4 GB RAM | 128 GB ROM | Expandable Upto 1 TB16.76 cm (6.6 inch) Full HD+ Display50MP + 5MP + 2MP | 8MP Front Camera6000 mAh Lithium Ion BatteryExynos 850 Processor1 Year Warranty Provided By the Manufacturer from Date of Purchase,4.3
32,"Infinix Zero 5G 2023 (Coral Orange, 128 GB)","₹14,999",8 GB RAM | 128 GB ROM | Expandable Upto 256 GB17.22 cm (6.78 inch) Full HD+ Display50MP + 2MP + 2MP | 16MP Front Camera5000 mAh Lithium-ion Polymer BatteryMediatek Dimensity 920 Processor1 Year on Handset and 6 Months on Accessories,4.1
33,"POCO M4 5G (Yellow, 128 GB)","₹14,999",6 GB RAM | 128 GB ROM | Expandable Upto 512 GB16.71 cm (6.58 inch) Full HD+ Display50MP + 2MP | 8MP Front Camera5000 mAh Lithium Ion Polymer BatteryMediatek Dimensity 700 Processor1 Year Warranty for Handset and 6 Months for Accessories,4.2
34,"POCO M4 5G (Power Black, 64 GB)","₹12,999",4 GB RAM | 64 GB ROM | Expandable Upto 512 GB16.71 cm (6.58 inch) Full HD+ Display50MP + 2MP | 8MP Front Camera5000 mAh Lithium Ion Polymer BatteryMediatek Dimensity 700 Processor1 Year Warranty for Handset and 6 Months for Accessories,4.2
35,"SAMSUNG Galaxy F14 5G (GOAT Green, 128 GB)","₹13,990","4 GB RAM | 128 GB ROM | Expandable Upto 1 TB16.76 cm (6.6 inch) Full HD+ Display50MP + 2MP | 13MP Front Camera6000 mAh BatteryExynos 1330, Octa Core Processor1 Year Manufacturer Warranty for Device and 6 Months Manufacturer Warranty for In-Box Accessories",4.2
36,"POCO M4 Pro (Cool Blue, 128 GB)","₹12,499","6 GB RAM | 128 GB ROM | Expandable Upto 1 TB16.33 cm (6.43 inch) Full HD+ AMOLED Display64MP + 8MP + 2MP | 16MP Front Camera5000 mAh Lithium-ion Polymer BatteryMediatek Helio G96 ProcessorOne Year for Handset, 6 Months for Accessories",4.3
37,"POCO M4 Pro (Yellow, 128 GB)","₹12,499","6 GB RAM | 128 GB ROM | Expandable Upto 1 TB16.33 cm (6.43 inch) Full HD+ AMOLED Display64MP + 8MP + 2MP | 16MP Front Camera5000 mAh Lithium-ion Polymer BatteryMediatek Helio G96 ProcessorOne Year for Handset, 6 Months for Accessories",4.3
38,"SAMSUNG Galaxy F14 5G (B.A.E. Purple, 128 GB)","₹13,990","4 GB RAM | 128 GB ROM | Expandable Upto 1 TB16.76 cm (6.6 inch) Full HD+ Display50MP + 2MP | 13MP Front Camera6000 mAh BatteryExynos 1330, Octa Core Processor1 Year Manufacturer Warranty for Device and 6 Months Manufacturer Warranty for In-Box Accessories",4.2
39,"SAMSUNG Galaxy F14 5G (OMG Black, 128 GB)","₹13,990","4 GB RAM | 128 GB ROM | Expandable Upto 1 TB16.76 cm (6.6 inch) Full HD+ Display50MP + 2MP | 13MP Front Camera6000 mAh BatteryExynos 1330, Octa Core Processor1 Year Manufacturer Warranty for Device and 6 Months Manufacturer Warranty for In-Box Accessories",4.2
40,"REDMI 9 Activ (Coral Green, 128 GB)","₹9,499",6 GB RAM | 128 GB ROM | Expandable Upto 512 GB16.59 cm (6.53 inch) HD+ Display13MP + 2MP | 5MP Front Camera5000 mAh Lithium Polymer BatteryMediatek Helio G35 Processor1 Year Manufacturer Warranty for Phone and 6 Months Warranty for in the Box Accessories,4.2
41,"realme Narzo N55 (Prime Blue, 128 GB)","₹13,735",6 GB RAM | 128 GB ROM17.07 cm (6.72 inch) Display64MP Rear Camera5000 mAh Battery1 Year Domestic Warranty for Phone and 6 Months Warranty for In-Box Accessories,4.3
42,"realme 9i 5G (Rocking Black, 64 GB)","₹14,999",4 GB RAM | 64 GB ROM | Expandable Upto 1 TB16.76 cm (6.6 inch) Full HD+ Display50MP + 2MP + 2MP | 8MP Front Camera5000 mAh Lithium Ion BatteryMediatek Dimensity 810 5G Processor1 Year Manufacturer Warranty for Phone and 6 Months Warranty for In-Box Accessories,4.5
43,"SAMSUNG Galaxy F13 (Sunrise Copper, 64 GB)","₹10,999",4 GB RAM | 64 GB ROM | Expandable Upto 1 TB16.76 cm (6.6 inch) Full HD+ Display50MP + 5MP + 2MP | 8MP Front Camera6000 mAh Lithium Ion BatteryExynos 850 Processor1 Year Warranty Provided By the Manufacturer from Date of Purchase,4.3
44,"realme 9i 5G (Soulful Blue, 64 GB)","₹14,999",4 GB RAM | 64 GB ROM | Expandable Upto 1 TB16.76 cm (6.6 inch) Full HD+ Display50MP + 2MP + 2MP | 8MP Front Camera5000 mAh Lithium Ion BatteryMediatek Dimensity 810 5G Processor1 Year Manufacturer Warranty for Phone and 6 Months Warranty for In-Box Accessories,4.5
45,"realme 9i 5G (Metallica Gold, 64 GB)","₹14,999",4 GB RAM | 64 GB ROM | Expandable Upto 1 TB16.76 cm (6.6 inch) Full HD+ Display50MP + 2MP + 2MP | 8MP Front Camera5000 mAh Lithium Ion BatteryMediatek Dimensity 810 5G Processor1 Year Manufacturer Warranty for Phone and 6 Months Warranty for In-Box Accessories,4.5
46,"MOTOROLA g42 (Metallic Rose, 64 GB)","₹9,999",4 GB RAM | 64 GB ROM16.43 cm (6.47 inch) Full HD+ AMOLED Display50MP + 8MP + 2MP | 16MP Front Camera5000 mAh Lithium polymer BatteryQualcomm Snapdragon 680 Processor1 Year on Handset and 6 Months on Accessories,4.2
47,"Infinix Hot 20 5G (Blaster Green, 128 GB)","₹13,499",6 GB RAM | 128 GB ROM | Expandable Upto 1 TB16.76 cm (6.6 inch) Full HD+ Display50MP + AI Lens | 8MP Front Camera5000 mAh Li-ion Polymer BatteryDimensity 810 Processor1 Year on Handset and 6 Months on Accessories,4.1
48,"SAMSUNG Galaxy M04 (Dark Blue, 64 GB)","₹8,639",4 GB RAM | 64 GB ROM | Expandable Upto 1 TB16.51 cm (6.5 inch) HD+ Display13MP + 2MP | 5MP Front Camera5000 mAh BatteryMediaTek Helio P35 Processor1 year manufacturer warranty for device and 6 months manufacturer warranty for in-box accessories including batteries from the date of purchase,4.1
49,"Infinix Hot 20 5G (Space Blue, 128 GB)","₹13,499",6 GB RAM | 128 GB ROM | Expandable Upto 1 TB16.76 cm (6.6 inch) Full HD+ Display50MP + AI Lens | 8MP Front Camera5000 mAh Li-ion Polymer BatteryDimensity 810 Processor1 Year on Handset and 6 Months on Accessories,4.1
50,"Infinix Hot 20 5G (Racing Black, 128 GB)","₹13,499",6 GB RAM | 128 GB ROM | Expandable Upto 1 TB16.76 cm (6.6 inch) Full HD+ Display50MP + AI Lens | 8MP Front Camera5000 mAh Li-ion Polymer BatteryDimensity 810 Processor1 Year on Handset and 6 Months on Accessories,4.1
51,"POCO M4 Pro 5G (Cool Blue, 64 GB)","₹11,999","4 GB RAM | 64 GB ROM | Expandable Upto 1 TB16.76 cm (6.6 inch) Full HD+ Display50MP + 8MP | 16MP Front Camera5000 mAh Lithium-ion Polymer BatteryMediatek Dimensity 810 ProcessorOne Year for Handset, 6 Months for Accessories",4.3
52,"OPPO A17 (Lake Blue, 64 GB)","₹12,750",4 GB RAM | 64 GB ROM16.66 cm (6.56 inch) HD+ Display50MP + 0.3MP | 5MP Front Camera5000 mAh BatteryMediatek Helio G35 Processor1 Year Manufacturer Warranty for Phone and 6 Months Warranty for In-Box Accessories,4.4
53,"REDMI 12C (?Lavender Purple, 128 GB)","₹10,796",6 GB RAM | 128 GB ROM17.04 cm (6.71 inch) Display50MP Rear Camera5000 mAh BatteryDomestic warranty of 12 months on phone & 6 months on accessories,4.2
54,"SAMSUNG Galaxy F14 5G (B.A.E. Purple, 128 GB)","₹14,990","6 GB RAM | 128 GB ROM | Expandable Upto 1 TB16.76 cm (6.6 inch) Full HD+ Display50MP + 2MP | 13MP Front Camera6000 mAh BatteryExynos 1330, Octa Core Processor1 Year Manufacturer Warranty for Device and 6 Months Manufacturer Warranty for In-Box Accessories",4.2
55,"POCO M4 5G (Yellow, 64 GB)","₹12,999",4 GB RAM | 64 GB ROM | Expandable Upto 512 GB16.71 cm (6.58 inch) Full HD+ Display50MP + 2MP | 8MP Front Camera5000 mAh Lithium Ion Polymer BatteryMediatek Dimensity 700 Processor1 Year Warranty for Handset and 6 Months for Accessories,4.2
56,"SAMSUNG GALAXY M13 5G (Midnight Blue, 64 GB)","₹12,335",4 GB RAM | 64 GB ROM16.51 cm (6.5 inch) Display50MP Rear Camera5000 mAh Battery12 Months Warranty,4.1
57,"OPPO A17 (Sunlight Orange, 64 GB)","₹12,499",4 GB RAM | 64 GB ROM | Expandable Upto 2 TB16.66 cm (6.56 inch) HD+ Display50MP + 0.3MP + 0.3MP | 5MP Front Camera5000 mAh Lithium-ion Polymer BatteryMediatek Helio G35 Processor1 Year on Handset and 6 Months on Accessories,4.4
58,"OPPO A17 (Midnight Black, 64 GB)","₹12,499",4 GB RAM | 64 GB ROM | Expandable Upto 2 TB16.66 cm (6.56 inch) HD+ Display50MP + 0.3MP + 0.3MP | 5MP Front Camera5000 mAh Lithium-ion Polymer BatteryMediatek Helio G35 Processor1 Year on Handset and 6 Months on Accessories,4.4
59,"SAMSUNG GALAXY M13 (Midnight Blue, 128 GB)","₹12,885",6 GB RAM | 128 GB ROM16.76 cm (6.6 inch) Display50MP Rear Camera6000 mAh Battery12 Months Warranty,4.2
60,"REDMI 11 Prime (Playful Green, 64 GB)","₹9,999",4 GB RAM | 64 GB ROM | Expandable Upto 512 GB16.71 cm (6.58 inch) Full HD+ Display50MP + 2MP + 2MP | 8MP Front Camera5000 mAh BatteryHelio G99 Processor1 Year Manufacturer Warranty for Phone and 6 Months Warranty for In the Box Accessories,4.3
61,"SAMSUNG Galaxy M13 (Aqua Green, 128 GB)","₹13,290",6 GB RAM | 128 GB ROM16.76 cm (6.6 inch) Display50MP Rear Camera6000 mAh Battery12 Months Warranty,4.2
62,"realme C31 (Light Silver, 64 GB)","₹8,749",4 GB RAM | 64 GB ROM | Expandable Upto 1 TB16.56 cm (6.52 inch) HD Display13MP + 2MP + 0.3MP | 5MP Front Camera5000 mAh BatteryUnisoc T612 Processor1 Year Warranty for Phone and 6 Months Warranty for In-Box Accessories,4.4
63,"SAMSUNG GALAXY M13 (Stardust Brown, 128 GB)","₹12,967",6 GB RAM | 128 GB ROM16.76 cm (6.6 inch) Display50MP Rear Camera6000 mAh Battery12 Months Warranty,4.2
64,"vivo T1 44W (Midnight Galaxy, 128 GB)","₹14,499",4 GB RAM | 128 GB ROM | Expandable Upto 1 TB16.36 cm (6.44 inch) Full HD+ AMOLED Display50MP + 2MP + 2MP | 16MP Front Camera5000 mAh Lithium BatteryQualcomm Snapdragon 680 Processor1 Year Handset and 6 Months Accessories,4.5
65,"vivo T1 44W (Starry Sky, 128 GB)","₹14,499",4 GB RAM | 128 GB ROM | Expandable Upto 1 TB16.36 cm (6.44 inch) Full HD+ AMOLED Display50MP + 2MP + 2MP | 16MP Front Camera5000 mAh Lithium BatteryQualcomm Snapdragon 680 Processor1 Year Handset and 6 Months Accessories,4.5
66,"REDMI 11 Prime 5G (Thunder Black, 64 GB)","₹13,060",4 GB RAM | 64 GB ROM16.71 cm (6.58 inch) Display5MP Rear Camera5000 mAh Battery1 Year Warranty,4.2
67,"SAMSUNG GALAXY M13 (Aqua Green, 64 GB)","₹10,828",4 GB RAM | 64 GB ROM16.76 cm (6.6 inch) Display50MP Rear Camera6000 mAh Battery1 Year Warranty,4.2
68,"REDMI 10 Power (Power Black, 128 GB)","₹12,925",8 GB RAM | 128 GB ROM17.02 cm (6.7 inch) Display50MP Rear Camera6000 mAh Battery12 Months Warranty,4.2
69,"SAMSUNG GALAXY M13 (Midnight Blue, 64 GB)","₹10,764",4 GB RAM | 64 GB ROM16.76 cm (6.6 inch) Display50MP Rear Camera6000 mAh Battery12 MONTHS,4.2
70,"REDMI 10 Power (Sporty Orange, 128 GB)","₹12,599",8 GB RAM | 128 GB ROM17.02 cm (6.7 inch) Display50MP Rear Camera6000 mAh Battery12 Months Warranty,4.2
71,"REDMI 11 Prime 5G (Meadow Green, 64 GB)","₹13,571",4 GB RAM | 64 GB ROM16.71 cm (6.58 inch) Display5MP Rear Camera5000 mAh Battery1 Year Warranty,4.2
72,"REDMI 11 Prime 5G (Meadow Green, 64 GB)","₹13,571",4 GB RAM | 64 GB ROM16.71 cm (6.58 inch) Display5MP Rear Camera5000 mAh Battery1 Year Warranty,4.2
73,"realme Narzo 50i (Carbon Black, 64 GB)","₹9,099",4 GB RAM | 64 GB ROM | Expandable Upto 256 GB16.51 cm (6.5 inch) Display8MP Rear Camera | 5MP Front Camera5000 mAh BatterySC9863A Processor1 Year Warranty for Mobile and 6 Months for Accessories,4.3
74,"SAMSUNG GALAXY M13 (Midnight Blue, 64 GB)","₹10,764",4 GB RAM | 64 GB ROM16.76 cm (6.6 inch) Display50MP Rear Camera6000 mAh Battery12 MONTHS,4.2
75,"vivo Y16 (Stellar Black, 128 GB)","₹12,950",4 GB RAM | 128 GB ROM16.54 cm (6.51 inch) HD+ Display13MP + 2MP | 5MP Front Camera5000 mAh BatteryMediatek Helio P35 Processor1 Year of Device & 6 Months for In-Box Accessories,4.3
76,"vivo Y16 (Drizzling Gold, 128 GB)","₹12,799",4 GB RAM | 128 GB ROM | Expandable Upto 1 TB16.54 cm (6.51 inch) HD+ Display13MP + 2MP | 5MP Front Camera5000 mAh BatteryMediatek Helio P35 Processor1 Year of Device & 6 Months for In-Box Accessories,4.3
77,"SAMSUNG GALAXY M13 5G (Midnight Blue, 128 GB)","₹14,435",6 GB RAM | 128 GB ROM16.51 cm (6.5 inch) Display50MP Rear Camera5000 mAh Battery12 Months Warranty,4.2
78,"MOTOROLA g31 (Baby Blue, 128 GB)","₹12,999",6 GB RAM | 128 GB ROM | Expandable Upto 1 TB16.26 cm (6.4 inch) Full HD+ Display50MP + 8MP + 2MP | 13MP Front Camera5000 mAh LiPo BatteryMediatek Helio G85 Processor1 Year on Handset and 6 Months on Accessories,4.1
79,"REDMI 11 Prime 5G (Chrome Silver, 64 GB)","₹13,596",4 GB RAM | 64 GB ROM16.71 cm (6.58 inch) Display5MP Rear Camera5000 mAh Battery1 Year Warranty,4.2
80,"MOTOROLA g42 (Atlantic Green, 64 GB)","₹11,440","4 GB RAM | 64 GB ROM | Expandable Upto 256 GB16.43 cm (6.47 inch) Full HD+ Display50MP + 8MP + 2MP | 16MP Front Camera5000 mAh BatteryQualcomm Snapdragon 680 Processor1 Year Warranty on Phone, 6 Months Warranty on Accessories",4.2
81,"realme Narzo N55 (Prime Black, 128 GB)","₹13,742",6 GB RAM | 128 GB ROM17.07 cm (6.72 inch) Display64MP Rear Camera5000 mAh Battery1 Year Domestic Warranty for Phone and 6 Months Warranty for In-Box Accessories,4.3
82,"Infinix Note 12 (Force Black, 64 GB)","₹10,999",4 GB RAM | 64 GB ROM | Expandable Upto 512 GB17.02 cm (6.7 inch) Full HD+ AMOLED Display50MP + 2MP Depth + AI Lens | 16MP Front Camera5000 mAh Li-ion Polymer BatteryMediaTek Helio G88 Processor1 Year on Handset and 6 Months on Accessories,4.2
83,"REDMI 12C (Mint Green, 128 GB)","₹10,726",6 GB RAM | 128 GB ROM17.04 cm (6.71 inch) Display50MP Rear Camera5000 mAh BatteryDomestic warranty of 12 months on phone & 6 months on accessories,4.2
84,"SAMSUNG Galaxy A03 Core (Bronze, 32 GB)","₹7,108",2 GB RAM | 32 GB ROM | Expandable Upto 1 TB16.51 cm (6.5 inch) HD+ Display8MP Rear Camera | 5MP Front Camera5000 mAh Battery1 Year of Device & 6 Months for In-Box Accessories,4.1
85,"SAMSUNG GALAXY M13 (Midnight Blue, 64 GB)","₹11,399",4 GB RAM | 64 GB ROM16.76 cm (6.6 inch) Display50MP Rear Camera6000 mAh Battery12 Months Warranty,4.2
86,"REDMI 11 Prime 5G (Chrome Silver, 128 GB)","₹15,298",6 GB RAM | 128 GB ROM16.71 cm (6.58 inch) Display5MP Rear Camera5000 mAh Battery1 Year Warranty,4.2
87,"OPPO A17k (Navy Blue, 64 GB)","₹9,499",3 GB RAM | 64 GB ROM | Expandable Upto 2 TB16.66 cm (6.56 inch) HD+ Display8MP Rear Camera | 5MP Front Camera5000 mAh BatteryMediatek Helio P35 Processor1 Year on Handset and 6 Months on Accessories,4.5
88,"OPPO A17k (Gold, 64 GB)","₹9,499",3 GB RAM | 64 GB ROM | Expandable Upto 2 TB16.66 cm (6.56 inch) HD+ Display8MP Rear Camera | 5MP Front Camera5000 mAh BatteryMediatek Helio P35 Processor1 Year on Handset and 6 Months on Accessories,4.5
89,"REDMI 12C (Lavender Purple, 64 GB)","₹8,890",4 GB RAM | 64 GB ROM17.04 cm (6.71 inch) Display50MP Rear Camera5000 mAh BatteryDomestic warranty of 12 months on phone & 6 months on accessories,4.2
90,"realme Narzo 30 (Racing Blue, 128 GB)","₹12,499",6 GB RAM | 128 GB ROM | Expandable Upto 256 GB16.51 cm (6.5 inch) Full HD+ Display48MP + 2MP + 2MP | 16MP Front Camera5000 mAh BatteryMediaTek Helio G95 Processor30W Charger1 Year Warranty for Mobile and 6 Months for Accessories,4.3
91,"REDMI 10 Power (Power Black, 128 GB)","₹12,925",8 GB RAM | 128 GB ROM17.02 cm (6.7 inch) Display50MP Rear Camera6000 mAh Battery12 Months Warranty,4.2
92,"SAMSUNG Galaxy M04 (Dark Blue, 128 GB)","₹8,989",4 GB RAM | 128 GB ROM16.51 cm (6.5 inch) HD+ Display13MP + 2MP5000 mAh BatteryMediaTek Helio P35 Processor1 year manufacturer warranty for device and 6 months manufacturer warranty for in-box accessories,4.1
93,"REDMI 11 Prime 5G (Meadow Green, 128 GB)","₹15,699",6 GB RAM | 128 GB ROM16.71 cm (6.58 inch) Display5MP Rear Camera5000 mAh Battery1 Year Warranty,4.2
94,"realme C25s (Watery Blue, 128 GB)","₹11,499",4 GB RAM | 128 GB ROM | Expandable Upto 256 GB16.51 cm (6.5 inch) HD+ Display13MP + 2MP + 2MP | 8MP Front Camera6000 mAh BatteryMediaTek Helio G85 Processor1 Year Warranty for Mobile and 6 Months for Accessories,4.4
95,"realme Narzo 50 (Speed Black, 128 GB)","₹12,999",6 GB RAM | 128 GB ROM | Expandable Upto 256 GB16.76 cm (6.6 inch) Full HD+ Display50MP + 2MP + 2MP | 16MP Front Camera5000 mAh Lithium Polymer BatteryMediatek Helio G96 Processor1 Year Warranty for Phone and 6 Months Warranty for In-Box Accessories,4.3
96,"realme Narzo 50 (Speed Blue, 64 GB)","₹12,999",4 GB RAM | 64 GB ROM | Expandable Upto 256 GB16.76 cm (6.6 inch) Full HD+ Display50MP + 2MP + 2MP | 16MP Front Camera5000 mAh Lithium Polymer BatteryMediatek Helio G96 Processor1 Year Warranty for Phone and 6 Months Warranty for In-Box Accessories,4.4
97,"realme Narzo 50 (Speed Blue, 128 GB)","₹12,999",6 GB RAM | 128 GB ROM | Expandable Upto 256 GB16.76 cm (6.6 inch) Full HD+ Display50MP + 2MP + 2MP | 16MP Front Camera5000 mAh Lithium Polymer BatteryMediatek Helio G96 Processor1 Year Warranty for Phone and 6 Months Warranty for In-Box Accessories,4.3
98,"POCO M4 5G (Power Black, 128 GB)","₹14,999",6 GB RAM | 128 GB ROM | Expandable Upto 512 GB16.71 cm (6.58 inch) Full HD+ Display50MP + 2MP | 8MP Front Camera5000 mAh Lithium Ion Polymer BatteryMediatek Dimensity 700 Processor1 Year Warranty for Handset and 6 Months for Accessories,4.2
99,"realme Narzo 50 (Speed Black, 64 GB)","₹12,399",4 GB RAM | 64 GB ROM | Expandable Upto 256 GB16.76 cm (6.6 inch) Full HD+ Display50MP + 2MP + 2MP | 16MP Front Camera5000 mAh Lithium Polymer BatteryMediatek Helio G96 Processor1 Year Warranty for Phone and 6 Months Warranty for In-Box Accessories,4.4
100,"REDMI Note 11 (Horizon Blue, 64 GB)","₹12,670",4 GB RAM | 64 GB ROM16.33 cm (6.43 inch) Display50MP Rear Camera5000 mAh Battery1 Year Warranty,4.2
101,"Tecno Pova 3 (Tech Silver, 64 GB)","₹10,998","4 GB RAM | 64 GB ROM | Expandable Upto 512 GB17.53 cm (6.9 inch) Full HD+ Display50MP + 2MP + 2MP | 8MP Front Camera7000 mAh BatteryMediaTek Helio G88 ProcessorOne Year Warranty for Handset, 6 Months for Accessories",4.2
102,"SAMSUNG Galaxy A14 5G (Light Green, 64 GB)","₹15,999",4 GB RAM | 64 GB ROM | Expandable Upto 1 TB16.76 cm (6.6 inch) HD+ Display50MP + 2MP | 13MP Front Camera5000 mAh Lithium Ion BatterySEC S5E8535 (Exynos 1330) Processor1 Year Manufacturer Warranty for Device and 6 Months Manufacturer Warranty for In-Box Accessories,4.1
103,"Tecno Camon 18 (Iris Purple, 128 GB)","₹11,999",4 GB RAM | 128 GB ROM | Expandable Upto 512 GB17.27 cm (6.8 inch) Full HD+ Display48MP + 2MP + 2MP | 48MP Front Camera5000 mAh BatteryMediaTek Helio G85 ProcessorBrand Warranty 1 Year for Handset & 6 Months for Accessories,4.2
104,"REDMI 9 Prime (Sunrise Flare, 128 GB)","₹11,390",4 GB RAM | 128 GB ROM | Expandable Upto 512 GB16.59 cm (6.53 inch) Full HD+ Display13MP + 8MP + 5MP + 2MP | 8MP Front Camera5020 mAh BatteryMediaTek Helio G80 Processor1 Year Manufacturer Warranty,4.4
105,"MOTOROLA G32 (Mineral Gray, 64 GB)","₹10,999",4 GB RAM | 64 GB ROM16.51 cm (6.5 inch) Full HD+ Display50MP + 8MP + 2MP | 16MP Front Camera5000 mAh Lithium Polymer BatteryQualcomm Snapdragon 680 Processor1 Year on Handset and 6 Months on Accessories,4.2
106,"POCO X2 (Atlantis Blue, 64 GB)","₹17,999",6 GB RAM | 64 GB ROM | Expandable Upto 512 GB16.94 cm (6.67 inch) Full HD+ Display64MP + 8MP + 2MP + 2MP | 20MP + 2MP Dual Front Camera4500 mAh Lithium-ion Polymer BatteryQualcomm Snapdragon 730G ProcessorBrand Warranty of 1 Year Available for Mobile and 6 Months for Accessories,4.5
107,"REDMI 10A (Sea Blue, 64 GB)","₹9,599",4 GB RAM | 64 GB ROM16.59 cm (6.53 inch) Display13MP Rear Camera5000 mAh Battery12 months,4.2
108,"REDMI 10A (Slate grey, 64 GB)","₹8,889",4 GB RAM | 64 GB ROM16.59 cm (6.53 inch) Display13MP Rear Camera5000 mAh Battery1 Year Manufacturer Warranty for Handset and 6 Months Warranty for In the Box Accessories,4.2
109,"REDMI 10 Prime 2022 (Phantom Black, 64 GB)","₹10,990",4 GB RAM | 64 GB ROM16.51 cm (6.5 inch) Display50MP Rear Camera6000 mAh Battery12 Months,4.2
110,"Tecno Pova 3 (Eco Black, 64 GB)","₹10,849","4 GB RAM | 64 GB ROM | Expandable Upto 512 GB17.53 cm (6.9 inch) Full HD+ Display50MP + 2MP + 2MP | 8MP Front Camera7000 mAh BatteryMediaTek Helio G88 ProcessorOne Year Warranty for Handset, 6 Months for Accessories",4.2
111,"REDMI 10 Prime 2022 (Astral White, 64 GB)","₹10,990",4 GB RAM | 64 GB ROM16.51 cm (6.5 inch) Display50MP Rear Camera6000 mAh Battery12 Months,4.2
112,"REDMI 10A (Sea Blue, 32 GB)","₹8,478",3 GB RAM | 32 GB ROM16.59 cm (6.53 inch) Display13MP Rear Camera5000 mAh Battery12 months,4.1
113,"REDMI 9 Prime (Mint Green, 128 GB)","₹11,490",4 GB RAM | 128 GB ROM | Expandable Upto 512 GB16.59 cm (6.53 inch) Full HD+ Display13MP + 8MP + 5MP + 2MP | 8MP Front Camera5020 mAh BatteryMediaTek Helio G80 Processor1 Year Manufacturer Warranty,4.4
114,"Tecno Spark 9 (Sky Mirror, 64 GB)","₹8,490","4 GB RAM | 64 GB ROM | Expandable Upto 512 GB16.76 cm (6.6 inch) HD+ Display13MP Rear Camera | 8MP Front Camera5000 mAh BatteryMediaTek Helio G37 Processor1 Year Warranty for Handset, 6 Months for Accessories",4.1
115,"REDMI 10 Prime 2022 (Bifrost Blue, 64 GB)","₹10,990",4 GB RAM | 64 GB ROM16.51 cm (6.5 inch) Display8MP Rear Camera6000 mAh Battery1 Year Warranty for Phone and 6 Months Warranty for In-Box Accessories,4.2
116,"REDMI 10 Prime (Astral White, 128 GB)","₹14,999",6 GB RAM | 128 GB ROM | Expandable Upto 512 GB16.51 cm (6.5 inch) Full HD Display50MP + 8MP + 2MP + 2MP | 8MP Front Camera6000 mAh BatteryHelio G88 Processor1 Year Manufacturer Warranty for Handset and 6 Months Warranty for In the Box Accessories,4.2
117,"SAMSUNG Galaxy M32 Prime Edition (Light Blue, 64 GB)","₹13,999",4 GB RAM | 64 GB ROM16.26 cm (6.4 inch) Display64MP Rear Camera6000 mAh Battery12 Months Warranty,4.2
118,"realme C35 (Glowing Black, 128 GB)","₹10,699",4 GB RAM | 128 GB ROM | Expandable Upto 1 TB16.76 cm (6.6 inch) Full HD+ Display50MP + 2MP + 0.3MP | 8MP Front Camera5000 mAh Lithium Polymer BatteryUnisoc Tiger T616 Processor1 Year Warranty for Phone and 6 Months Warranty for In-Box Accessories,4.4
119,"SAMSUNG Galaxy M04 (Light Green, 128 GB)","₹10,491",4 GB RAM | 128 GB ROM16.51 cm (6.5 inch) HD+ Display13MP + 2MP5000 mAh BatteryMediaTek Helio P35 Processor1 year manufacturer warranty for device and 6 months manufacturer warranty for in-box accessories,4.1
120,"vivo Y16 (Drizzling Gold, 64 GB)","₹10,499",3 GB RAM | 64 GB ROM | Expandable Upto 1 TB16.54 cm (6.51 inch) HD+ Display13MP + 2MP | 5MP Front Camera5000 mAh Lithium BatteryMediatek Helio P35 Processor1 Year of Device & 6 Months for In-Box Accessories,4.2
121,"vivo Y16 (Steller Black, 128 GB)","₹16,999",4 GB RAM | 128 GB ROM | Expandable Upto 1 TB16.54 cm (6.51 inch) HD+ Display13MP + 2MP | 5MP Front Camera5000 mAh Lithium BatteryMediatek Helio P35 Processor1 Year of Device & 6 Months for In-Box Accessories,4.3
122,"vivo Y12G (Phantom Black, 64 GB)","₹11,490",3 GB RAM | 64 GB ROM | Expandable Upto 256 GB16.54 cm (6.51 inch) HD+ Display13MP + 2MP | 8MP Front Camera5000 mAh Li-ion BatteryQualcomm Snapdragon 439 Processor1 Year Warranty for Handset and 6 Months for In-box Accessories,4.3
123,"vivo Y16 (Steller Black, 64 GB)","₹10,999",3 GB RAM | 64 GB ROM | Expandable Upto 1 TB16.54 cm (6.51 inch) HD+ Display13MP + 2MP | 5MP Front Camera5000 mAh Lithium BatteryMediatek Helio P35 Processor1 Year of Device & 6 Months for In-Box Accessories,4.2
124,"Infinix Note 12 5G (Snowfall, 64 GB)","₹14,999",6 GB RAM | 64 GB ROM | Expandable Upto 2 TB17.02 cm (6.7 inch) Full HD+ AMOLED Display50 MP + 2 MP Depth Lens + AI Lens | 16MP Front Camera5000 mAh Li-ion Polymer BatteryMediatek Dimensity 810 5G Processor1 Year on Handset and 6 Months on Accessories,4.2
125,"OPPO A17 (Lake Blue, 64 GB)","₹12,499",4 GB RAM | 64 GB ROM | Expandable Upto 2 TB16.66 cm (6.56 inch) HD+ Display50MP + 0.3MP + 0.3MP | 5MP Front Camera5000 mAh Lithium-ion Polymer BatteryMediatek Helio G35 Processor1 Year on Handset and 6 Months on Accessories,4.4
126,"Tecno Camon 19 (Memphis Green, 128 GB)","₹13,649","6 GB RAM | 128 GB ROM | Expandable Upto 512 GB17.27 cm (6.8 inch) Full HD+ Display64MP + 2MP | 16MP Front Camera5000 mAh BatteryMediaTek Helio G85 Processor1 Year Warranty for Handset, 6 Months for Accessories",4.2
127,"REDMI Note 11 (Space Black, 64 GB)","₹12,970",4 GB RAM | 64 GB ROM16.33 cm (6.43 inch) Display50MP Rear Camera5000 mAh Battery12 Months Warranty,4.2
128,"realme C35 (Glowing Black, 128 GB)","₹10,699",4 GB RAM | 128 GB ROM | Expandable Upto 1 TB16.76 cm (6.6 inch) Full HD+ Display50MP + 2MP + 0.3MP | 8MP Front Camera5000 mAh Lithium Polymer BatteryUnisoc Tiger T616 Processor1 Year Warranty for Phone and 6 Months Warranty for In-Box Accessories,4.4
129,"SAMSUNG GALAXY M13 (Stardust Brown, 64 GB)","₹10,930",4 GB RAM | 64 GB ROM16.76 cm (6.6 inch) Display50MP Rear Camera6000 mAh Battery12 Months Warranty,4.2
130,"POCO F1 (Steel Blue, 64 GB)","₹12,980",6 GB RAM | 64 GB ROM | Expandable Upto 256 GB15.7 cm (6.18 inch) Full HD+ Display12MP + 5MP | 20MP Front Camera4000 mAh Li-polymer BatteryQualcomm Snapdragon 845 ProcessorBrand Warranty of 1 Year Available for Mobile and 6 Months for Accessories,4.5
131,"POCO M4 Pro 5G (Yellow, 64 GB)","₹11,999","4 GB RAM | 64 GB ROM | Expandable Upto 1 TB16.76 cm (6.6 inch) Full HD+ Display50MP + 8MP | 16MP Front Camera5000 mAh Lithium-ion Polymer BatteryMediatek Dimensity 810 ProcessorOne Year for Handset, 6 Months for Accessories",4.3
132,"vivo Y16 (Drizzling Gold, 128 GB)","₹16,999",4 GB RAM | 128 GB ROM | Expandable Upto 1 TB16.54 cm (6.51 inch) HD+ Display13MP + 2MP | 5MP Front Camera5000 mAh Lithium BatteryMediatek Helio P35 Processor1 Year of Device & 6 Months for In-Box Accessories,4.3
133,"vivo Y16 (Drizzling Gold, 64 GB)","₹11,999",4 GB RAM | 64 GB ROM | Expandable Upto 1 TB16.54 cm (6.51 inch) HD+ Display13MP + 2MP | 5MP Front Camera5000 mAh Lithium BatteryMediatek Helio P35 Processor1 Year of Device & 6 Months for In-Box Accessories,4.3
134,"Redmi 10 Prime (Phantom Black, 64 GB)","₹10,990",4 GB RAM | 64 GB ROM16.51 cm (6.5 inch) Display8MP Rear Camera6000 mAh Battery1 Year Manufacturer Warranty for Handset and 6 Months Warranty for In the Box Accessories,4.2
135,"realme C30s (Stripe Blue, 64 GB)","₹8,699",4 GB RAM | 64 GB ROM | Expandable Upto 1 TB16.51 cm (6.5 inch) HD+ Display8MP Rear Camera | 5MP Front Camera5000 mAh Lithium Ion BatteryUnisoc SC9863A/ Unisoc SC9863A1 Processor1 Year Manufacturer Warranty for Phone and 6 Months Warranty for In-Box Accessories,4.2
136,"Tecno Camon 19 (Sea Salt White, 128 GB)","₹14,699","6 GB RAM | 128 GB ROM | Expandable Upto 512 GB17.27 cm (6.8 inch) Full HD+ Display64MP + 2MP | 16MP Front Camera5000 mAh BatteryMediaTek Helio G85 Processor1 Year Warranty for Handset, 6 Months for Accessories",4.2
137,"MOTOROLA g22 (Cosmic Black, 64 GB)","₹10,999",4 GB RAM | 64 GB ROM | Expandable Upto 1 TB16.51 cm (6.5 inch) HD+ Display50MP + 8MP + 2MP + 2MP | 16MP Front Camera5000 mAh Lithium Ion BatteryMediatek Helio G37 Processor1 Year on Handset and 6 Months on Accessories,3.8
138,"REDMI 9 Prime (Matte Black, 128 GB)","₹11,290",4 GB RAM | 128 GB ROM | Expandable Upto 512 GB16.59 cm (6.53 inch) Full HD+ Display13MP + 8MP + 5MP + 2MP | 8MP Front Camera5000 mAh BatteryMediaTek Helio G80 Processor1 Year Manufacturer Warranty,4.4
139,"REDMI Note 11S (Polar White, 64 GB)","₹14,339",6 GB RAM | 64 GB ROM16.33 cm (6.43 inch) Display108MP Rear Camera5000 mAh Battery1 Year Warranty,4.1
140,"IQOO Z6 Lite 5G (Without Charger) (Mystic Night, 64 GB)","₹14,495",4 GB RAM | 64 GB ROM16.97 cm (6.68 inch) Display50MP Rear Camera5000 mAh Battery1 Year,4.2
141,"vivo Y02 (Orchid Blue, 32 GB)","₹8,499",3 GB RAM | 32 GB ROM16.54 cm (6.51 inch) HD+ Display8MP Rear Camera | 5MP Front Camera5000 mAh BatteryMediaTek P22 Processor1 Year of Device & 6 Months for In-Box Accessories,4.3
142,"Infinix Note 12 5G (Force Black, 64 GB)","₹14,999",6 GB RAM | 64 GB ROM | Expandable Upto 2 TB17.02 cm (6.7 inch) Full HD+ AMOLED Display50 MP + 2 MP Depth Lens + AI Lens | 16MP Front Camera5000 mAh Li-ion Polymer BatteryMediatek Dimensity 810 5G Processor1 Year on Handset and 6 Months on Accessories,4.2
143,"REDMI 10A (Charcoal Black, 32 GB)","₹8,190",3 GB RAM | 32 GB ROM16.59 cm (6.53 inch) Display13MP Rear Camera5000 mAh Battery12 months,4.1
144,"realme C21 (Cross Black, 64 GB)","₹10,499",4 GB RAM | 64 GB ROM | Expandable Upto 256 GB16.51 cm (6.5 inch) HD+ Display13MP + 2MP + 2MP | 5MP Front Camera5000 mAh BatteryMediaTek Helio G35 Processor1 Year Warranty for Mobile and 6 Months for Accessories,4.4
145,"realme C21 (Cross Blue, 64 GB)","₹10,499",4 GB RAM | 64 GB ROM | Expandable Upto 256 GB16.51 cm (6.5 inch) HD+ Display13MP + 2MP + 2MP | 5MP Front Camera5000 mAh BatteryMediaTek Helio G35 Processor1 Year Warranty for Mobile and 6 Months for Accessories,4.4
146,"Infinix Note 12 5G (Force Black, 64 GB)","₹14,999",6 GB RAM | 64 GB ROM | Expandable Upto 2 TB17.02 cm (6.7 inch) Full HD+ AMOLED Display50 MP + 2 MP Depth Lens + AI Lens | 16MP Front Camera5000 mAh Li-ion Polymer BatteryMediatek Dimensity 810 5G Processor1 Year on Handset and 6 Months on Accessories,4.2
147,"vivo Y02 (Cosmic Grey, 32 GB)","₹8,499",3 GB RAM | 32 GB ROM16.54 cm (6.51 inch) HD+ Display8MP Rear Camera | 5MP Front Camera5000 mAh BatteryMediaTek P22 Processor1 Year of Device & 6 Months for In-Box Accessories,4.3
148,"Tecno Camon 18 (Dusk Grey, 128 GB)","₹11,990",4 GB RAM | 128 GB ROM | Expandable Upto 512 GB17.27 cm (6.8 inch) Full HD+ Display48MP + 2MP + 2MP | 48MP Front Camera5000 mAh BatteryMediaTek Helio G85 ProcessorBrand Warranty 1 Year for Handset & 6 Months for Accessories,4.2
149,"REDMI 9 Activ (Coral Green, 64 GB)","₹10,000",4 GB RAM | 64 GB ROM16.59 cm (6.53 inch) Display13MP Rear Camera5000 mAh Battery12 months,4.2
150,"Infinix Hot 12 Pro (Lightsaber Green, 128 GB)","₹12,999",8 GB RAM | 128 GB ROM | Expandable Upto 256 GB16.76 cm (6.6 inch) HD+ Display50 MP + Depth Lens | 8MP Front Camera5000 mAh Lithium-ion Polymer BatteryUnisoc T616 Processor1 Year on Handset and 6 Months on Accessories,4
151,"vivo Y22 (Metaverse Green, 64 GB)","₹14,499",4 GB RAM | 64 GB ROM | Expandable Upto 1 TB16.64 cm (6.55 inch) HD+ Display50MP + 2MP | 8MP Front Camera5000 mAh Lithium BatteryMediatek Helio G70 Processor1 Year of Device & 6 Months for In-Box Accessories,4.3
152,"vivo Y22 (Metaverse Green, 128 GB)","₹14,499",4 GB RAM | 128 GB ROM | Expandable Upto 1 TB16.64 cm (6.55 inch) HD+ Display50MP + 2MP | 8MP Front Camera5000 mAh Lithium BatteryMediatek Helio G70 Processor1 Year of Device & 6 Months for In-Box Accessories,4.3
153,"vivo Y22 (Starlit Blue, 128 GB)","₹14,499",4 GB RAM | 128 GB ROM | Expandable Upto 1 TB16.64 cm (6.55 inch) HD+ Display50MP + 2MP | 8MP Front Camera5000 mAh Lithium BatteryMediatek Helio G70 Processor1 Year of Device & 6 Months for In-Box Accessories,4.3
154,"MOTOROLA g31 (Meteorite Grey, 64 GB)","₹11,999",4 GB RAM | 64 GB ROM | Expandable Upto 1 TB16.26 cm (6.4 inch) Full HD+ Display50MP + 8MP + 2MP | 13MP Front Camera5000 mAh LiPo BatteryMediatek Helio G85 Processor1 Year on Handset and 6 Months on Accessories,4.2
155,"Redmi 8 (Onyx Black, 64 GB)","₹10,999",4 GB RAM | 64 GB ROM | Expandable Upto 512 GB15.8 cm (6.22 inch) HD+ Display12MP + 2MP | 8MP Front Camera5000 mAh BatteryQualcomm Snapdragon 439 ProcessorBrand Warranty of 1 Year Available for Mobile and 6 Months for Accessories,4.4
156,"REDMI 10A (Slate Grey, 32 GB)","₹8,249",3 GB RAM | 32 GB ROM16.59 cm (6.53 inch) Display13MP Rear Camera5000 mAh Battery12 months,4.1
157,"REDMI Note 11 (Space Black, 128 GB)","₹15,699",6 GB RAM | 128 GB ROM16.33 cm (6.43 inch) Display50MP Rear Camera5000 mAh Battery12 months,4.2
158,"REDMI Note 11 (Horizon Blue, 64 GB)","₹14,999",6 GB RAM | 64 GB ROM16.33 cm (6.43 inch) Display50MP Rear Camera5000 mAh Battery1 Year Manufacturer Warranty for Handset and 6 Months Warranty for In the Box Accessories,4.2
159,"Infinix Hot 12 Pro (Racing Black, 128 GB)","₹12,999",8 GB RAM | 128 GB ROM | Expandable Upto 256 GB16.76 cm (6.6 inch) HD+ Display50 MP + Depth Lens | 8MP Front Camera5000 mAh Lithium-ion Polymer BatteryUnisoc T616 Processor1 Year on Handset and 6 Months on Accessories,4
160,"OPPO A17K (Navy Blue, 64 GB)","₹9,938",3 GB RAM | 64 GB ROM | Expandable Upto 2 TB16.66 cm (6.56 inch) HD+ Display8MP Rear Camera | 5MP Front Camera5000 mAh BatteryMediatek Helio G35 Processor1 Year on Handset and 6 Months on Accessories,4.5
161,"MOTOROLA G42 (Metallic Rose, 64 GB)","₹11,433","4 GB RAM | 64 GB ROM16.43 cm (6.47 inch) Full HD+ Display50MP Rear Camera5000 mAh BatteryQualcomm Snapdragon 680 Processordomestic 1 Year Warranty on Phone, 6 Months Warranty on Accessories",4.2
162,"POCO M4 Pro (Cool Blue, 64 GB)","₹10,999","6 GB RAM | 64 GB ROM | Expandable Upto 1 TB16.33 cm (6.43 inch) Full HD+ AMOLED Display64MP + 8MP + 2MP | 16MP Front Camera5000 mAh Lithium-ion Polymer BatteryMediatek Helio G96 ProcessorOne Year for Handset, 6 Months for Accessories",4.3
163,"REDMI Note 11S (Horizon Blue, 64 GB)","₹14,388",6 GB RAM | 64 GB ROM16.33 cm (6.43 inch) Display108MP Rear Camera5000 mAh Battery1 Year Manufacturer Warranty for Handset and 6 Months Warranty for In the Box Accessories,4.1
164,"vivo Y16 (Drizzling Gold, 32 GB)","₹12,999",3 GB RAM | 32 GB ROM | Expandable Upto 1 TB16.54 cm (6.51 inch) HD+ Display13MP + 2MP | 5MP Front Camera5000 mAh Lithium BatteryMediatek Helio P35 Processor1 Year of Device & 6 Months for In-Box Accessories,4.2
165,"REDMI 9 Prime (Sunrise Flare, 64 GB)","₹10,950",4 GB RAM | 64 GB ROM | Expandable Upto 512 GB16.59 cm (6.53 inch) Full HD+ Display13MP + 8MP + 5MP + 2MP | 8MP Front Camera5020 mAh BatteryMediaTek Helio G80 Processor1 Year Manufacturer Warranty,4.4
166,"POCO M4 Pro (Power Black, 128 GB)","₹13,999","8 GB RAM | 128 GB ROM | Expandable Upto 1 TB16.33 cm (6.43 inch) Full HD+ AMOLED Display64MP + 8MP + 2MP | 16MP Front Camera5000 mAh Lithium-ion Polymer BatteryMediatek Helio G96 ProcessorOne Year for Handset, 6 Months for Accessories",4.2
167,"SAMSUNG Galaxy A03 Core (Onyx, 32 GB)","₹6,399","2 GB RAM | 32 GB ROM16.51 cm (6.5 inch) Display8MP Rear Camera5000 mAh Battery12 Months brand Warranty , Domestic Only",4.1
168,"POCO M4 Pro (Power Black, 128 GB)","₹13,999","8 GB RAM | 128 GB ROM | Expandable Upto 1 TB16.33 cm (6.43 inch) Full HD+ AMOLED Display64MP + 8MP + 2MP | 16MP Front Camera5000 mAh Lithium-ion Polymer BatteryMediatek Helio G96 ProcessorOne Year for Handset, 6 Months for Accessories",4.2
169,"Infinix Hot 12 Pro (Electric Blue, 128 GB)","₹12,999",8 GB RAM | 128 GB ROM | Expandable Upto 256 GB16.76 cm (6.6 inch) HD+ Display50 MP + Depth Lens | 8MP Front Camera5000 mAh Lithium-ion Polymer BatteryUnisoc T616 Processor1 Year on Handset and 6 Months on Accessories,4
170,"vivo T1X (Gravity Black, 128 GB)","₹14,999",6 GB RAM | 128 GB ROM16.71 cm (6.58 inch) Full HD+ Display50MP + 2MP | 8MP Front Camera5000 mAh BatteryQualcomm Snapdragon 680 Processor1 Year on Handset and 6 Months on Accessories,4.4
171,"REDMI 12c (Royal Blue, 128 GB)","₹10,696",6 GB RAM | 128 GB ROM | Expandable Upto 1 TB17.04 cm (6.71 inch) HD+ Display50MP Rear Camera | 5MP Front Camera5000 mAh BatteryMediaTek Helio G85 Processor1 Year Warranty for Phone and 6 Months Warranty for In-Box Accessories,4.2
172,"vivo T1X (Gravity Black, 64 GB)","₹16,990",4 GB RAM | 64 GB ROM16.71 cm (6.58 inch) Full HD+ Display50MP + 2MP | 8MP Front Camera5000 mAh BatteryQualcomm Snapdragon 680 Processor1 Year on Handset and 6 Months on Accessories,4.5
173,"Infinix Note 11s (Haze Green, 64 GB)","₹13,999",6 GB RAM | 64 GB ROM | Expandable Upto 512 GB17.65 cm (6.95 inch) Full HD+ Display50 MP + 2 MP Depth Lens + 2 MP Macro Lens | 16MP Front Camera5000 mAh Li-ion Polymer BatteryMediaTek Helio G96 Processor1 Year on Handset and 6 Months on Accessories,4.3
174,"REDMI Note 11S (Horizon Blue, 64 GB)","₹14,388",6 GB RAM | 64 GB ROM16.33 cm (6.43 inch) Display108MP Rear Camera5000 mAh Battery1 Year Manufacturer Warranty for Handset and 6 Months Warranty for In the Box Accessories,4.1
175,"SAMSUNG Galaxy A04e (Light Blue, 64 GB)","₹9,999",3 GB RAM | 64 GB ROM | Expandable Upto 1 TB16.51 cm (6.5 inch) HD+ Display13MP + 2MP | 5MP Front Camera5000 mAh Lithium Ion BatteryMediatek Helio P35 Processor1 Year Manufacturer Warranty for Device and 6 Months Manufacturer Warranty for In-Box Accessories,4.2
176,"POCO M4 5G (Cool Blue, 128 GB)","₹14,999",6 GB RAM | 128 GB ROM | Expandable Upto 512 GB16.71 cm (6.58 inch) Full HD+ Display50MP + 2MP | 8MP Front Camera5000 mAh Lithium Ion Polymer BatteryMediatek Dimensity 700 Processor1 Year Warranty for Handset and 6 Months for Accessories,4.2
177,"REDMI 9 Activ (Carbon Black, 64 GB)","₹9,499",4 GB RAM | 64 GB ROM | Expandable Upto 512 GB16.59 cm (6.53 inch) HD+ Display13MP + 2MP | 5MP Front Camera5000 mAh Lithium Polymer BatteryMediatek Helio G35 Processor1 Year Manufacturer Warranty for Phone and 6 Months Warranty for in the Box Accessories,4.2
178,"vivo T1X (Space Blue, 128 GB)","₹14,999",6 GB RAM | 128 GB ROM16.71 cm (6.58 inch) Full HD+ Display50MP + 2MP | 8MP Front Camera5000 mAh BatteryQualcomm Snapdragon 680 Processor1 Year on Handset and 6 Months on Accessories,4.4
179,"REDMI 12C (Matte Black, 64 GB)","₹8,974",4 GB RAM | 64 GB ROM17.04 cm (6.71 inch) Display50MP Rear Camera5000 mAh BatteryDomestic warranty of 12 months on phone & 6 months on accessories,4.2
180,"vivo Y21E (Diamond Glow, 64 GB)","₹12,190",3 GB RAM | 64 GB ROM16.54 cm (6.51 inch) Display13MP Rear Camera5000 mAh Battery12 Months,4.3
181,"vivo Y22 (Starlit Blue, 64 GB)","₹14,499",4 GB RAM | 64 GB ROM | Expandable Upto 1 TB16.64 cm (6.55 inch) HD+ Display50MP + 2MP | 8MP Front Camera5000 mAh Lithium BatteryMediatek Helio G70 Processor1 Year of Device & 6 Months for In-Box Accessories,4.3
182,"REDMI 9 Prime (Sunrise Flare, 64 GB)","₹10,950",4 GB RAM | 64 GB ROM | Expandable Upto 512 GB16.59 cm (6.53 inch) Full HD+ Display13MP + 8MP + 5MP + 2MP | 8MP Front Camera5020 mAh BatteryMediaTek Helio G80 Processor1 Year Manufacturer Warranty,4.4
183,"REDMI 9 Activ (Metallic Purple, 64 GB)","₹9,499",4 GB RAM | 64 GB ROM16.59 cm (6.53 inch) Display13MP Rear Camera5000 mAh Battery12 months,4.2
184,"REDMI 10A SPORT (CHARCOAL BLACK, 128 GB)","₹10,498",6 GB RAM | 128 GB ROM16.59 cm (6.53 inch) Display13MP Rear Camera5000 mAh Battery12 Months Warranty,4
185,"MOTOROLA e40 (Pink Clay, 64 GB)","₹8,999",4 GB RAM | 64 GB ROM | Expandable Upto 1 TB16.51 cm (6.5 inch) HD+ Display48MP + 2MP + 2MP | 8MP Front Camera5000 mAh BatteryUNISOC T700 Processor1 Year on Handset and 6 Months on Accessories,4.1
186,"realme 9i (Prism Blue, 64 GB)","₹11,999",4 GB RAM | 64 GB ROM | Expandable Upto 1 TB16.76 cm (6.6 inch) Full HD+ Display50MP + 2MP + 2MP | 16MP Front Camera5000 mAh Lithium ion BatteryQualcomm Snapdragon 680 (SM6225) Processor1 Year Manufacturer Warranty for Phone and 6 Months Warranty for in the Box Accessories,4.5
187,"SAMSUNG Galaxy A04 (Green, 128 GB)","₹12,999",4 GB RAM | 128 GB ROM | Expandable Upto 1 TB16.51 cm (6.5 inch) HD+ Display50MP + 2MP | 5MP Front Camera5000 mAh Lithium Ion BatteryMediatek Helio P35 Processor1 Year Manufacturer Warranty for Device and 6 Months Manufacturer Warranty for In-Box Accessories,4
188,"SAMSUNG Galaxy A04s (Green, 64 GB)","₹12,499",4 GB RAM | 64 GB ROM16.51 cm (6.5 inch) HD+ Display50MP + 50MP + 2MP + 2MP | 5MP Front Camera5000 mAh Lithium-ion BatteryExynos Octa Core Processor Processor1 Year Manufacturer Warranty For Device And 6 Months Manufacturer Warranty For In-box Accessories,4.1
189,"realme 9 5G (Meteor Black, 64 GB)","₹13,499",4 GB RAM | 64 GB ROM | Expandable Upto 1 TB16.51 cm (6.5 inch) Full HD+ Display48MP + 2MP + 2MP | 16MP Front Camera5000 mAh Lithium Polymer BatteryMediatek Dimensity 810 Processor1 Year Warranty for Phone and 6 Months Warranty for In-Box Accessories,4.5
190,"POCO M4 Pro (Power Black, 64 GB)","₹10,999","6 GB RAM | 64 GB ROM | Expandable Upto 1 TB16.33 cm (6.43 inch) Full HD+ AMOLED Display64MP + 8MP + 2MP | 16MP Front Camera5000 mAh Lithium-ion Polymer BatteryMediatek Helio G96 ProcessorOne Year for Handset, 6 Months for Accessories",4.3
191,"REDMI Note 11 (Space Black, 128 GB)","₹15,699",6 GB RAM | 128 GB ROM16.33 cm (6.43 inch) Display50MP Rear Camera5000 mAh Battery12 months,4.2
192,"SAMSUNG Galaxy A04 (Black, 128 GB)","₹11,490",4 GB RAM | 128 GB ROM | Expandable Upto 1 TB16.51 cm (6.5 inch) HD+ Display50MP + 2MP | 5MP Front Camera5000 mAh Lithium Ion BatteryMediatek Helio P35 Processor1 Year Manufacturer Warranty for Device and 6 Months Manufacturer Warranty for In-Box Accessories,4
193,"REDMI Note 11 (Horizon Blue, 64 GB)","₹14,999",6 GB RAM | 64 GB ROM16.33 cm (6.43 inch) Display50MP Rear Camera5000 mAh Battery1 Year Manufacturer Warranty for Handset and 6 Months Warranty for In the Box Accessories,4.2
194,"OPPO A16E (White, 64 GB)","₹12,490",4 GB RAM | 64 GB ROM | Expandable Upto 1 TB16.56 cm (6.52 inch) HD+ Display13MP Rear Camera | 5MP Front Camera4230 mAh BatteryMediatek Helio P22 Processor1 Year Manufacturer Warranty for Phone and 6 Months Warranty for In the Box Accessories,4.2
195,"LAVA Blaze Pro (Glass Green, 64 GB)","₹10,499",4 GB RAM | 64 GB ROM | Expandable Upto 256 GB16.51 cm (6.5 inch) HD+ Display50MP Rear Camera | 8MP Front Camera5000 mAh Lithium Polymer BatteryMediatek G37 Octa Core Processor Processor1 Year Handset Warranty and 6 Months Warranty on Accessories,4.2
196,"MOTOROLA G32 (Satin Silver, 64 GB)","₹10,999",4 GB RAM | 64 GB ROM16.51 cm (6.5 inch) Full HD+ Display50MP + 8MP + 2MP | 16MP Front Camera5000 mAh Lithium Polymer BatteryQualcomm Snapdragon 680 Processor1 Year on Handset and 6 Months on Accessories,4.2
197,"MOTOROLA g22 (Iceberg Blue, 64 GB)","₹11,099",4 GB RAM | 64 GB ROM | Expandable Upto 1 TB16.51 cm (6.5 inch) HD+ Display50MP + 8MP + 2MP + 2MP | 16MP Front Camera5000 mAh Lithium Ion BatteryMediatek Helio G37 Processor1 Year on Handset and 6 Months on Accessories,3.8
198,"realme Narzo 50A Prime (Flash Blue, 128 GB)","₹12,999",4 GB RAM | 128 GB ROM16.76 cm (6.6 inch) Display50MP Rear Camera5000 mAh Battery12 Months Brand Warranty,4.1
199,"Redmi 9 (Sky Blue, 64 GB)","₹10,537",4 GB RAM | 64 GB ROM16.59 cm (6.53 inch) HD+ Display13MP + 2MP | 5MP Front Camera5000 mAh BatteryMediaTek Helio G35 Processor1 year manufacturer warranty for device and 6 months manufacturer warranty for in-box accessories including batteries from the date of purchase,4.2
200,"MOTOROLA G40 Fusion (Dynamic Gray, 128 GB)","₹12,999",6 GB RAM | 128 GB ROM17.22 cm (6.78 inch) Full HD+ Display64MP + 8MP + 2MP | 16MP Front Camera6000 mAh BatteryQualcomm Snapdragon 732G Processor120Hz Refresh RateStock Android Experience1 Year on Handset and 6 Months on Accessories,4.2
201,"vivo Y16 (Steller Black, 64 GB)","₹12,399",4 GB RAM | 64 GB ROM16.54 cm (6.51 inch) Display13MP Rear Camera5000 mAh Battery1 Year of Device & 6 Months for In-Box Accessories,4.3
202,"vivo Y16 (Gold, 64 GB)","₹12,799",4 GB RAM | 64 GB ROM16.54 cm (6.51 inch) Display13MP Rear Camera5000 mAh Battery1 Year of Device & 6 Months for In-Box Accessories,4.3
203,"REDMI NOTE 10 LITE (Aurora Blue, 128 GB)","₹14,985",6 GB RAM | 128 GB ROM16.94 cm (6.67 inch) Display48MP Rear Camera5020 mAh Battery1 Year Manufacturer Warranty,4.3
204,"MOTOROLA g52 (Metallic White, 128 GB)","₹13,999",6 GB RAM | 128 GB ROM16.76 cm (6.6 inch) Full HD+ Display50MP + 8MP + 2MP | 16MP Front Camera5000 mAh Lithium BatteryQualcomm Snapdragon 680 Processor1 Year on Handset and 6 Months on Accessories,4.2
205,"Redmi 9 (Sporty Orange, 64 GB)","₹10,640",4 GB RAM | 64 GB ROM16.59 cm (6.53 inch) HD+ Display13MP + 2MP | 5MP Front Camera5000 mAh BatteryMediaTek Helio G35 Processor1 year manufacturer warranty for device and 6 months manufacturer warranty for in-box accessories including batteries from the date of purchase,4.2
206,"SAMSUNG Galaxy A03 (Black, 32 GB)","₹8,949",3 GB RAM | 32 GB ROM16.51 cm (6.5 inch) HD+ Display48MP + 2MP | 5MP Front Camera5000 mAh Lithium Ion BatteryUnisoc UMS9230 Processor1 Year Manufacturer Warranty for Device and 6 Months Manufacturer Warranty for In-Box,4.1
207,"REDMI Note 9 (Scarlet Red, 128 GB)","₹14,999",6 GB RAM | 128 GB ROM | Expandable Upto 512 GB16.59 cm (6.53 inch) Full HD+ Display48MP + 8MP + 2MP + 2MP | 13MP Front Camera5020 mAh BatteryMediaTek Helio G85 Processor1 Year Manufacturer Warranty for Device and 6 months Manufacturer Warranty for In-box Accessories Including Batteries from the Date of Purchase,4.3
208,"SAMSUNG Galaxy A04s (Black, 64 GB)","₹12,499",4 GB RAM | 64 GB ROM16.51 cm (6.5 inch) HD+ Display50MP + 50MP + 2MP + 2MP | 5MP Front Camera5000 mAh Lithium-ion BatteryExynos Octa Core Processor Processor1 Year Manufacturer Warranty For Device And 6 Months Manufacturer Warranty For In-box Accessories,4.1
209,"POCO C31 (Shadow Gray, 64 GB)","₹9,499","4 GB RAM | 64 GB ROM | Expandable Upto 512 GB16.59 cm (6.53 inch) HD+ Display13MP + 2MP + 2MP | 5MP Front Camera5000 mAh Lithium-ion Polymer BatteryMediaTek Helio G35 Processor1 Year Warranty for Handset, 6 Months for Accessories",4.3
210,"realme Narzo 50A Prime (Flash Black, 128 GB)","₹12,499",4 GB RAM | 128 GB ROM16.76 cm (6.6 inch) Display50MP Rear Camera5000 mAh Battery12 Months Brand Warranty,4.1
211,"REDMI NOTE 10 LITE (Aurora Blue, 128 GB)","₹13,990",4 GB RAM | 128 GB ROM16.94 cm (6.67 inch) Display48MP Rear Camera5020 mAh Battery1 Year Manufacturer Warranty,4.3
212,"REDMI NOTE 10 LITE (Champagne Gold, 128 GB)","₹13,990",4 GB RAM | 128 GB ROM16.94 cm (6.67 inch) Display48MP Rear Camera5020 mAh Battery1 Year Manufacturer Warranty,4.3
213,"REDMI 10A SPORT (SLATE GREY, 128 GB)","₹10,999",6 GB RAM | 128 GB ROM16.59 cm (6.53 inch) Display13MP Rear Camera5000 mAh Battery12 Months Warranty,4
214,"SAMSUNG Galaxy A03 Core (Mint, 32 GB)","₹7,299",2 GB RAM | 32 GB ROM16.51 cm (6.5 inch) Display8MP Rear Camera5000 mAh Battery1 Year Manufacturer Warranty for Device and 6 Months Manufacturer Warranty for In-Box,4.1
215,"Mi A2 (Gold, 64 GB)","₹17,499",4 GB RAM | 64 GB ROM15.21 cm (5.99 inch) Full HD+ Display20MP + 12MP | 20MP Front Camera3010 mAh BatteryQualcomm Snapdragon 660 AIE ProcessorBrand Warranty of 1 Year Available for Mobile and 6 Months for Battery and Accessories,4.2
216,"SAMSUNG Galaxy A04s (Black, 64 GB)","₹12,499",4 GB RAM | 64 GB ROM16.51 cm (6.5 inch) HD+ Display50MP + 50MP + 2MP + 2MP | 5MP Front Camera5000 mAh Lithium-ion BatteryExynos Octa Core Processor Processor1 Year Manufacturer Warranty For Device And 6 Months Manufacturer Warranty For In-box Accessories,4.1
217,"REDMI NOTE 10 LITE (Aurora Blue, 128 GB)","₹13,990",4 GB RAM | 128 GB ROM16.94 cm (6.67 inch) Display48MP Rear Camera5020 mAh Battery1 Year Manufacturer Warranty,4.3
218,"REDMI NOTE 10 LITE (Champagne Gold, 128 GB)","₹13,990",4 GB RAM | 128 GB ROM16.94 cm (6.67 inch) Display48MP Rear Camera5020 mAh Battery1 Year Manufacturer Warranty,4.3
219,"REDMI 9 Prime (Mint Green, 64 GB)","₹10,499",4 GB RAM | 64 GB ROM | Expandable Upto 512 GB16.59 cm (6.53 inch) Full HD+ Display13MP + 8MP + 5MP + 2MP | 8MP Front Camera5020 mAh BatteryMediaTek Helio G80 Processor1 Year Manufacturer Warranty,4.4
220,"MOTOROLA G40 Fusion (Dynamic Gray, 128 GB)","₹12,999",6 GB RAM | 128 GB ROM17.22 cm (6.78 inch) Full HD+ Display64MP + 8MP + 2MP | 16MP Front Camera6000 mAh BatteryQualcomm Snapdragon 732G Processor120Hz Refresh RateStock Android Experience1 Year on Handset and 6 Months on Accessories,4.2
221,"OPPO A77 (Sunset Orange, 128 GB)","₹15,999",4 GB RAM | 128 GB ROM | Expandable Upto 1 TB16.66 cm (6.56 inch) HD+ Display50MP + 2MP | 8MP Front Camera5000 mAh Lithium-ion Polymer BatteryMediatek Helio G35 Processor1 Year on Handset and 6 Months on Accessories,4.2
222,"LAVA Blaze Pro (Glass Green, 64 GB)","₹10,499",4 GB RAM | 64 GB ROM | Expandable Upto 256 GB16.51 cm (6.5 inch) HD+ Display50MP Rear Camera | 8MP Front Camera5000 mAh Lithium Polymer BatteryMediatek G37 Octa Core Processor Processor1 Year Handset Warranty and 6 Months Warranty on Accessories,4.2
223,"REDMI Note 10T 5G (Chromium White, 128 GB)","₹16,999","6 GB RAM | 128 GB ROM16.66 cm (6.56 inch) Full HD+ Display48MP Primary Camera + 2MP Macro Lens + 2MP Depth Sensor | 8MP Front Camera5000 mAh Lithium Polymer BatteryMediatek Dimensity 700 ProcessorMax GPU Frequency: 950 MHz, Supports GAME Turbo 3.0, UFS2.2 Storage, Reading Mode 3.0, 360 Degree Ambient Light Sensors, Supports 18W Fast Charging1 Year Manufacturer Warranty for Phone and 6 Months Warranty for In the Box Accessories",4.2
224,"realme 8 (Punk Black, 128 GB)","₹13,499",4 GB RAM | 128 GB ROM | Expandable Upto 256 GB16.26 cm (6.4 inch) Full HD+ Display64MP + 8MP + 2MP + 2MP | 16MP Front Camera5000 mAh BatteryMediaTek Helio G95 ProcessorSuper AMOLED Display1 Year Warranty for Mobile and 6 Months for Accessories,4.4
225,"Mi A2 (Gold, 64 GB)","₹17,499",4 GB RAM | 64 GB ROM15.21 cm (5.99 inch) Full HD+ Display20MP + 12MP | 20MP Front Camera3010 mAh BatteryQualcomm Snapdragon 660 AIE ProcessorBrand Warranty of 1 Year Available for Mobile and 6 Months for Battery and Accessories,4.2
226,"realme C25_Y (Glacier Blue, 64 GB)","₹10,999",4 GB RAM | 64 GB ROM16.51 cm (6.5 inch) HD+ Display50MP + 2MP + 2MP | 8MP Front Camera5000 mAh LiPo BatteryUnisoc T618 Processor1 Year Domestic Warranty,4.5
227,"Redmi Note 9 Pro (Champagne Gold, 128 GB)","₹13,999",4 GB RAM | 128 GB ROM | Expandable Upto 512 GB16.94 cm (6.67 inch) Full HD+ Display48MP + 8MP + 5MP + 2MP | 16MP Front Camera5020 mAh BatteryQualcomm® Snapdragon™ 720G Processor1 year manufacturer warranty for device and 6 months manufacturer warranty for in-box accessories,4.3
228,"vivo Y15c (Wave Green, 64 GB)","₹11,699",3 GB RAM | 64 GB ROM | Expandable Upto 1 TB16.54 cm (6.51 inch) HD+ Display13MP + 2MP | 8MP Front Camera5000 mAh Lithium BatteryMediatek Helio P35 Processor1 Year for Device & 6 Months for In-Box Accessories,4.2
229,"Tecno Spark 10 5G (Meta White, 128 GB)","₹14,998",8 GB RAM | 128 GB ROM16.76 cm (6.6 inch) Display50MP Rear Camera5000 mAh BatteryDomestic Warranty 1 Year For Handset And 6 Month For Accessories.,4.5
230,"REDMI 9 Power (Mighty Black, 128 GB)","₹12,990",4 GB RAM | 128 GB ROM16.59 cm (6.53 inch) Full HD+ Display48MP + 8MP + 2MP + 2MP | 8MP Front Camera6000 mAh BatteryQualcomm Snapdragon 662 Processor1 year manufacturer warranty for device and 6 months manufacturer warranty for in-box accessories including batteries from the date of purchase,4.3
231,"OPPO A57 (Glowing Green, 64 GB)","₹13,999",4 GB RAM | 64 GB ROM | Expandable Upto 1 TB16.66 cm (6.56 inch) HD+ Display13MP + 2MP | 8MP Front Camera5000 mAh Lithium-ion Polymer BatteryMediatek Helio G35 Processor1 Year Warranty for Phone and 6 Months Warranty for In-Box Accessories,4.4
232,"Redmi Note 9 Pro (Aurora Blue, 128 GB)","₹14,499",4 GB RAM | 128 GB ROM | Expandable Upto 512 GB16.94 cm (6.67 inch) Full HD+ Display48MP + 8MP | 16MP Front Camera5020 mAh BatteryQualcomm Snapdragon 720G Processor1 year manufacturer warranty for device and 6 months manufacturer warranty for in-box accessories,4.3
233,"vivo Y21T (Pearl White, 128 GB)","₹15,190",4 GB RAM | 128 GB ROM | Expandable Upto 1 TB16.71 cm (6.58 inch) Full HD+ Display50MP + 2MP + 2MP | 8MP Front Camera5000 mAh Lithium BatteryQualcomm Snapdragon 680 Processor1 Year for Device & 6 Months for In-box Accessories,4.4
234,"Nokia 3.4 (Dusk Purple, 64 GB)","₹13,999",4 GB RAM | 64 GB ROM | Expandable Upto 512 GB16.23 cm (6.39 inch) HD+ Display13MP + 5MP + 2MP | 8MP Front Camera4000 mAh Li-ion BatteryQualcomm Snapdragon 460 Processor1 Year Manufacturer Warranty For Device and Battery and 6 Months Manufacturer Warranty for In-box Accessories From the Date of Purchase,4
235,"realme 9i (Prism Blue, 128 GB)","₹13,499",4 GB RAM | 128 GB ROM | Expandable Upto 1 TB16.76 cm (6.6 inch) Full HD+ Display50MP + 2MP + 2MP | 16MP Front Camera5000 mAh Lithium ion BatteryQualcomm Snapdragon 680 (SM6225) Processor1 Year Manufacturer Warranty for Phone and 6 Months Warranty for in the Box Accessories,4.5
236,"realme Narzo 50A Prime (Flash Black, 128 GB)","₹12,499",4 GB RAM | 128 GB ROM16.76 cm (6.6 inch) Display50MP Rear Camera5000 mAh Battery12 Months Brand Warranty,4.1
237,"REDMI Note 9 (Shadow Black, 128 GB)","₹14,999",6 GB RAM | 128 GB ROM | Expandable Upto 512 GB16.59 cm (6.53 inch) Full HD+ Display48MP + 8MP + 2MP + 2MP | 13MP Front Camera5020 mAh BatteryMediaTek Helio G85 Processor1 Year Manufacturer Warranty for Device and 6 months Manufacturer Warranty for In-box Accessories Including Batteries from the Date of Purchase,4.3
238,"Micromax IN Note 1 (Green, 64 GB)","₹11,499",4 GB RAM | 64 GB ROM | Expandable Upto 256 GB16.94 cm (6.67 inch) Full HD+ Display48MP + 5MP + 2MP + 2MP | 16MP Front Camera5000 mAh Li-Polymer BatteryMediaTek Helio G85 (MT6769V/CZ) ProcessorBrand Warranty of 1 Year Available for Mobile and 6 Months for Accessories,4.1
239,"OPPO A16E (White, 32 GB)","₹9,990",3 GB RAM | 32 GB ROM | Expandable Upto 1 TB16.56 cm (6.52 inch) HD+ Display13MP Rear Camera | 5MP Front Camera4230 mAh BatteryMediatek Helio P22 Processor1 Year Manufacturer Warranty for Phone and 6 Months Warranty for In the Box Accessories,4.3
240,"Nokia 5.4 (Polar Night, 64 GB)","₹16,799",4 GB RAM | 64 GB ROM | Expandable Upto 512 GB16.23 cm (6.39 inch) HD+ Display48MP + 5MP + 2MP + 2MP | 16MP Front Camera4000 mAh Li-ion BatteryQualcomm Snapdragon 662 Processor1 Year Manufacturer Warranty for Device and Battery and 6 Months Manufacturer Warranty for In-Box Accessories from the Date of Purchase,3.9
241,"Infinix Hot 11S (Polar Black, 64 GB)","₹10,999","4 GB RAM | 64 GB ROM | Expandable Upto 256 GB17.22 cm (6.78 inch) Full HD+ Display50MP + 2MP + AI Lens | 8MP Front Camera5000 mAh Li-ion Polymer BatteryMediaTek Helio G88 Processor90Hz Refresh Rate18W Type C, Fast Charger1 Year on Handset and 6 Months on Accessories",4.3
242,"Nokia 2.4 (Charcoal Grey, 64 GB)","₹11,499",3 GB RAM | 64 GB ROM | Expandable Upto 512 GB16.51 cm (6.5 inch) HD+ Display13MP + 2MP | 5MP Front Camera4500 mAh Li-ion Polymer BatteryMediaTek Helio P22 Processor1 Year Manufacturer Warranty for Device and Battery and 6 Months Manufacturer Warranty for In-Box Accessories from the Date of Purchase,4.1
243,"Nokia 2.4 (Dusk Purple, 64 GB)","₹11,499",3 GB RAM | 64 GB ROM | Expandable Upto 512 GB16.51 cm (6.5 inch) HD+ Display13MP + 2MP | 5MP Front Camera4500 mAh Li-ion Polymer BatteryMediaTek Helio P22 Processor1 Year Manufacturer Warranty for Device and Battery and 6 Months Manufacturer Warranty for In-Box Accessories from the Date of Purchase,4.1
244,"vivo T1X (DIAMOND GLOW, 128 GB)","₹14,999",4 GB RAM | 128 GB ROM16.71 cm (6.58 inch) Full HD+ Display50MP + 2MP | 8MP Front Camera5000 mAh BatteryQualcomm Snapdragon 680 Processor1 Year on Handset and 6 Months on Accessories,4.5
245,"REDMI 9 Power (Mighty Black, 128 GB)","₹12,990",4 GB RAM | 128 GB ROM16.59 cm (6.53 inch) Full HD+ Display48MP + 8MP + 2MP + 2MP | 8MP Front Camera6000 mAh BatteryQualcomm Snapdragon 662 Processor1 year manufacturer warranty for device and 6 months manufacturer warranty for in-box accessories including batteries from the date of purchase,4.3
246,"Infinix Hot 11S (Green Wave, 64 GB)","₹10,999","4 GB RAM | 64 GB ROM | Expandable Upto 256 GB17.22 cm (6.78 inch) Full HD+ Display50MP + 2MP + AI Lens | 8MP Front Camera5000 mAh Li-ion Polymer BatteryMediaTek Helio G88 Processor90Hz Refresh Rate18W Type C, Fast Charger1 Year on Handset and 6 Months on Accessories",4.3
247,"OPPO A57 (Glowing Black, 64 GB)","₹13,999",4 GB RAM | 64 GB ROM | Expandable Upto 1 TB16.66 cm (6.56 inch) HD+ Display13MP + 2MP | 8MP Front Camera5000 mAh Lithium-ion Polymer BatteryMediatek Helio G35 Processor1 Year Warranty for Phone and 6 Months Warranty for In-Box Accessories,4.4
248,"REDMI 9 Prime (Space Blue, 64 GB)","₹10,880",4 GB RAM | 64 GB ROM | Expandable Upto 512 GB16.59 cm (6.53 inch) Full HD+ Display13MP + 8MP + 5MP + 2MP | 8MP Front Camera5020 mAh BatteryMediaTek Helio G80 Processor1 Year Manufacturer Warranty,4.4
249,"REDMI Note 10S (Cosmic Purple, 64 GB)","₹16,999",6 GB RAM | 64 GB ROM | Expandable Upto 512 GB16.33 cm (6.43 inch) Full HD+ Super AMOLED Display64MP + 8MP + 2MP + 2MP | 13MP Front Camera5000 mAh Lithium-Ploymer BatteryMediatek Helio G95 Processor1 Year Manufacturer Warranty for Phone and 6 Months Warranty for In the Box Accessories,4.4
250,"realme C15 Qualcomm Edition (Power Blue, 32 GB)","₹11,999",3 GB RAM | 32 GB ROM | Expandable Upto 256 GB16.56 cm (6.52 inch) HD+ Display13MP + 8MP + 2MP + 2MP | 8MP Front Camera6000 mAh Lithium-ion BatteryQualcomm Snapdragon 460 ProcessorBrand Warranty of 1 Year Available for Mobile and 6 Months for Accessories,4.3
251,"Tecno Spark Go 2023 (Nebula Purple, 64 GB)","₹11,499",4 GB RAM | 64 GB ROM | Expandable Upto 256 GB16.66 cm (6.56 inch) HD+ Display13MP Rear Camera | 5MP Front Camera5000 mAh BatteryMediaTek Helio A22 ProcessorDomestic Warranty of 12 Months on Phone & 6 Months on Accessories,4.1
252,"realme C25_Y (Metal Grey, 64 GB)","₹10,999",4 GB RAM | 64 GB ROM16.51 cm (6.5 inch) HD+ Display50MP + 2MP + 2MP | 8MP Front Camera5000 mAh LiPo BatteryUnisoc T618 Processor1 Year Domestic Warranty,4.5
253,"SAMSUNG Galaxy A04s (Black, 128 GB)","₹12,990",4 GB RAM | 128 GB ROM16.51 cm (6.5 inch) HD+ Display50MP + 50MP + 2MP + 2MP | 5MP Front Camera5000 mAh Lithium-ion BatteryExynos Octa Core Processor Processor1 Year Manufacturer Warranty For Device And 6 Months Manufacturer Warranty For In-box Accessories,4.1
254,"REDMI NOTE 10 LITE (Aurora Blue, 64 GB)","₹13,199",4 GB RAM | 64 GB ROM16.94 cm (6.67 inch) Display48MP Rear Camera5020 mAh Battery1 Year Manufacturer Warranty,4.3
255,"Infinix Note 11 (Glacier Green, 64 GB)","₹12,499",4 GB RAM | 64 GB ROM | Expandable Upto 512 GB17.02 cm (6.7 inch) Full HD+ AMOLED Display50 MP + 2 MP + AI Lens | 16MP Front Camera5000 mAh Li-ion Polymer BatteryMediatek Helio G88 Processor1 Year on Handset and 6 Months on Accessories,4.3
256,"Infinix Note 11 (Graphite Black, 64 GB)","₹12,499",4 GB RAM | 64 GB ROM | Expandable Upto 512 GB17.02 cm (6.7 inch) Full HD+ AMOLED Display50 MP + 2 MP + AI Lens | 16MP Front Camera5000 mAh Li-ion Polymer BatteryMediatek Helio G88 Processor1 Year on Handset and 6 Months on Accessories,4.3
257,"Infinix Note 11 (Celestial Snow, 64 GB)","₹12,499",4 GB RAM | 64 GB ROM | Expandable Upto 512 GB17.02 cm (6.7 inch) Full HD+ AMOLED Display50 MP + 2 MP + AI Lens | 16MP Front Camera5000 mAh Li-ion Polymer BatteryMediatek Helio G88 Processor1 Year on Handset and 6 Months on Accessories,4.3
258,"SAMSUNG GALAXY M13 5G (Stardust Brown, 64 GB)","₹12,314",4 GB RAM | 64 GB ROM16.51 cm (6.5 inch) Display50MP Rear Camera5000 mAh Battery12 Months Warranty,4.1
259,"Redmi 8 (Ruby Red, 64 GB)","₹10,999",4 GB RAM | 64 GB ROM | Expandable Upto 512 GB15.8 cm (6.22 inch) HD+ Display12MP + 2MP | 8MP Front Camera5000 mAh BatteryQualcomm Snapdragon 439 ProcessorBrand Warranty of 1 Year Available for Mobile and 6 Months for Accessories,4.4
260,"Infinix Hot 11S (Green Wave, 128 GB)","₹11,999",4 GB RAM | 128 GB ROM | Expandable Upto 256 GB17.22 cm (6.78 inch) Full HD+ Display50 MP + 2 MP + AI Lens | 8MP Front Camera5000 mAh Li-ion Polymer BatteryMediatek Helio G88 Processor1 Year on Handset and 6 Months on Accessories,4.3
261,"Infinix Hot 11S (Polar Black, 128 GB)","₹11,999",4 GB RAM | 128 GB ROM | Expandable Upto 256 GB17.22 cm (6.78 inch) Full HD+ Display50 MP + 2 MP + AI Lens | 8MP Front Camera5000 mAh Li-ion Polymer BatteryMediatek Helio G88 Processor1 Year on Handset and 6 Months on Accessories,4.3
262,"POCO C3 (Lime Green, 64 GB)","₹10,999",4 GB RAM | 64 GB ROM | Expandable Upto 512 GB16.59 cm (6.53 inch) HD+ Display13MP + 2MP + 2MP | 5MP Front Camera5000 mAh Li-ion Polymer BatteryMediatek Helio G35 Processor1 Year on Handset and 6 Months on Accessories,4.3
263,"SAMSUNG Galaxy A13 (Peach, 128 GB)","₹16,499",6 GB RAM | 128 GB ROM | Expandable Upto 1 TB16.76 cm (6.6 inch) Full HD+ Display50MP + 5MP + 2MP + 2MP | 8MP Front Camera5000 mAh Lithium Ion BatteryExynos Octa Core Processor1 Year Manufacturer Warranty for Device and 6 months Manufacturer Warranty for In-Box Accessories from Date of Purchase,4.2
264,"Infinix Note 11 (Celestial Snow, 64 GB)","₹12,499",4 GB RAM | 64 GB ROM | Expandable Upto 512 GB17.02 cm (6.7 inch) Full HD+ AMOLED Display50 MP + 2 MP + AI Lens | 16MP Front Camera5000 mAh Li-ion Polymer BatteryMediatek Helio G88 Processor1 Year on Handset and 6 Months on Accessories,4.3
265,"Infinix Note 11 (Glacier Green, 64 GB)","₹12,499",4 GB RAM | 64 GB ROM | Expandable Upto 512 GB17.02 cm (6.7 inch) Full HD+ AMOLED Display50 MP + 2 MP + AI Lens | 16MP Front Camera5000 mAh Li-ion Polymer BatteryMediatek Helio G88 Processor1 Year on Handset and 6 Months on Accessories,4.3
266,"Redmi 8 (Ruby Red, 64 GB)","₹10,999",4 GB RAM | 64 GB ROM | Expandable Upto 512 GB15.8 cm (6.22 inch) HD+ Display12MP + 2MP | 8MP Front Camera5000 mAh BatteryQualcomm Snapdragon 439 ProcessorBrand Warranty of 1 Year Available for Mobile and 6 Months for Accessories,4.4
267,"Infinix Hot 11S (Polar Black, 128 GB)","₹11,999",4 GB RAM | 128 GB ROM | Expandable Upto 256 GB17.22 cm (6.78 inch) Full HD+ Display50 MP + 2 MP + AI Lens | 8MP Front Camera5000 mAh Li-ion Polymer BatteryMediatek Helio G88 Processor1 Year on Handset and 6 Months on Accessories,4.3
268,"Infinix Hot 11S (Green Wave, 128 GB)","₹11,999",4 GB RAM | 128 GB ROM | Expandable Upto 256 GB17.22 cm (6.78 inch) Full HD+ Display50 MP + 2 MP + AI Lens | 8MP Front Camera5000 mAh Li-ion Polymer BatteryMediatek Helio G88 Processor1 Year on Handset and 6 Months on Accessories,4.3
269,"POCO C3 (Lime Green, 64 GB)","₹10,999",4 GB RAM | 64 GB ROM | Expandable Upto 512 GB16.59 cm (6.53 inch) HD+ Display13MP + 2MP + 2MP | 5MP Front Camera5000 mAh Li-ion Polymer BatteryMediatek Helio G35 Processor1 Year on Handset and 6 Months on Accessories,4.3
270,"SAMSUNG Galaxy A13 (Peach, 128 GB)","₹16,499",6 GB RAM | 128 GB ROM | Expandable Upto 1 TB16.76 cm (6.6 inch) Full HD+ Display50MP + 5MP + 2MP + 2MP | 8MP Front Camera5000 mAh Lithium Ion BatteryExynos Octa Core Processor1 Year Manufacturer Warranty for Device and 6 months Manufacturer Warranty for In-Box Accessories from Date of Purchase,4.2
271,"realme Narzo 50A Prime (Flash Black, 64 GB)","₹10,750",4 GB RAM | 64 GB ROM | Expandable Upto 512 GB16.76 cm (6.6 inch) Full HD+ Display50MP Rear Camera | 8MP Front Camera5000 mAh Battery1 Year Manufacturer Warranty for Phone and 6 Months Warranty for In-Box Accessories,4.1
272,"REDMI 10A (CHARCOAL BLACK, 128 GB)","₹11,999",6 GB RAM | 128 GB ROM16.59 cm (6.53 inch) Display13MP Rear Camera5000 mAh Battery1 Year Manufacturer Warranty for Handset and 6 Months Warranty for In the Box Accessories,4.1
273,"Infinix Hot 11S (Polar Black, 64 GB)","₹10,999","4 GB RAM | 64 GB ROM | Expandable Upto 256 GB17.22 cm (6.78 inch) Full HD+ Display50MP + 2MP + AI Lens | 8MP Front Camera5000 mAh Li-ion Polymer BatteryMediaTek Helio G88 Processor90Hz Refresh Rate18W Type C, Fast Charger1 Year on Handset and 6 Months on Accessories",4.3
274,"realme C25_Y (Metal Grey, 128 GB)","₹11,999",4 GB RAM | 128 GB ROM16.51 cm (6.5 inch) HD+ Display50MP + 2MP + 2MP | 8MP Front Camera5000 mAh LiPo BatteryUnisoc T618 Processor1 Year Domestic Warranty,4.5
275,"SAMSUNG Galaxy A04s (Copper, 64 GB)","₹12,499",4 GB RAM | 64 GB ROM16.51 cm (6.5 inch) HD+ Display50MP + 50MP + 2MP + 2MP | 5MP Front Camera5000 mAh Lithium-ion BatteryExynos Octa Core Processor Processor1 Year Manufacturer Warranty For Device And 6 Months Manufacturer Warranty For In-box Accessories,4.1
276,"SAMSUNG Galaxy A04e (Copper, 64 GB)","₹9,940",3 GB RAM | 64 GB ROM | Expandable Upto 1 TB16.51 cm (6.5 inch) HD+ Display13MP + 2MP | 5MP Front Camera5000 mAh Lithium Ion BatteryMediatek Helio P35 Processor1 Year Manufacturer Warranty for Device and 6 Months Manufacturer Warranty for In-Box Accessories,4.2
277,"Tecno Pova 3 (Electric Blue, 64 GB)","₹10,890","4 GB RAM | 64 GB ROM | Expandable Upto 512 GB17.53 cm (6.9 inch) Full HD+ Display50MP + 2MP + 2MP | 8MP Front Camera7000 mAh BatteryMediaTek Helio G88 ProcessorOne Year Warranty for Handset, 6 Months for Accessories",4.2
278,"Tecno Spark 10 5G (Meta Blue, 128 GB)","₹15,999",8 GB RAM | 128 GB ROM16.76 cm (6.6 inch) Display50MP Rear Camera5000 mAh BatteryDomestic Warranty 1 Year For Handset And 6 Month For Accessories.,4.5
279,"MOTOROLA G60 (Dynamic Gray, 128 GB)","₹14,999",6 GB RAM | 128 GB ROM17.27 cm (6.8 inch) Full HD+ Display108MP + 8MP + 2MP | 32MP Front Camera6000 mAh BatteryQualcomm Snapdragon 732G Processor120Hz Refresh RateStock Android Experience1 Year on Handset and 6 Months on Accessories,4.2
280,"POCO C3 (Matte Black, 64 GB)","₹10,999",4 GB RAM | 64 GB ROM | Expandable Upto 512 GB16.59 cm (6.53 inch) HD+ Display13MP + 2MP + 2MP | 5MP Front Camera5000 mAh Li-ion Polymer BatteryMediatek Helio G35 Processor1 Year on Handset and 6 Months on Accessories,4.3
281,"Tecno Spark 10 Pro (Starry Black, 8 GB)","₹13,199",8 GB RAM | 8 GB ROM17.27 cm (6.8 inch) Display50MP Rear Camera5000 mAh BatteryAndroid v13 ProcessorDomestic warranty 1 years for handset and 6 month for accessories.,4
282,"vivo Y21G (Diamond Glow, 64 GB)","₹13,999",4 GB RAM | 64 GB ROM | Expandable Upto 1 TB16.54 cm (6.51 inch) HD+ Display13MP + 2MP | 8MP Front Camera5000 mAh Lithium BatteryMediatek MT6769 Helio G70 Processor1 Year for Device & 6 Months for In-Box Accessories,4.3
283,"SAMSUNG Galaxy A03 Core (Blue, 32 GB)","₹7,999",2 GB RAM | 32 GB ROM | Expandable Upto 1 TB16.51 cm (6.5 inch) HD+ Display8MP Rear Camera | 5MP Front Camera5000 mAh Li-ion BatteryOcta Core Processor1 Year Manufacturer Warranty for Device and 6 Months Manufacturer Warranty for In-Box,4.1
284,"SAMSUNG Galaxy A03 Core (Mint, 32 GB)","₹10,499",2 GB RAM | 32 GB ROM16.51 cm (6.5 inch) Display8MP Rear Camera5000 mAh Battery1 Year Manufacturer Warranty for Device and 6 Months Manufacturer Warranty for In-Box,4.1
285,"Tecno Spark 8P (Atlantic Blue, 64 GB)","₹8,790","4 GB RAM | 64 GB ROM | Expandable Upto 512 GB16.76 cm (6.6 inch) Full HD+ Display50MP + 2MP | 8MP Front Camera5000 mAh BatteryMediaTek Helio G85 Processor1 Year Warranty for Handset, 6 Months for Accessories",4.2
286,"OPPO A15 (Dynamic Black, 32 GB)","₹10,990",3 GB RAM | 32 GB ROM | Expandable Upto 256 GB16.56 cm (6.52 inch) HD+ Display13MP + 2MP + 2MP | 5MP Front Camera4230 mAh Lithium-ion Polymer BatteryMediaTek Helio P35 (MT6765) ProcessorBrand Warranty of 1 Year Available for Mobile Including Battery and 6 Months for Accessories,4.3
287,"OPPO A15 (Mystery Blue, 32 GB)","₹11,999",3 GB RAM | 32 GB ROM | Expandable Upto 256 GB16.56 cm (6.52 inch) HD+ Display13MP + 2MP + 2MP | 5MP Front Camera4230 mAh Lithium-ion Polymer BatteryMediaTek Helio P35 (MT6765) ProcessorBrand Warranty of 1 Year Available for Mobile Including Battery and 6 Months for Accessories,4.3
288,"SAMSUNG GALAXY M13 5G (Aqua Green, 128 GB)","₹14,592",6 GB RAM | 128 GB ROM16.51 cm (6.5 inch) Display50MP Rear Camera5000 mAh Battery12 Months Warranty,4.2
289,"SAMSUNG Galaxy A04e (Light Blue, 128 GB)","₹11,299",4 GB RAM | 128 GB ROM | Expandable Upto 1 TB16.51 cm (6.5 inch) HD+ Display13MP + 2MP | 5MP Front Camera5000 mAh Lithium Ion BatteryMediatek Helio P35 Processor1 Year Manufacturer Warranty for Device and 6 Months Manufacturer Warranty for In-Box Accessories,4.1
290,"OPPO A15 (Mystery Blue, 32 GB)","₹11,999",3 GB RAM | 32 GB ROM | Expandable Upto 256 GB16.56 cm (6.52 inch) HD+ Display13MP + 2MP + 2MP | 5MP Front Camera4230 mAh Lithium-ion Polymer BatteryMediaTek Helio P35 (MT6765) ProcessorBrand Warranty of 1 Year Available for Mobile Including Battery and 6 Months for Accessories,4.3
291,"OPPO A15 (Dynamic Black, 32 GB)","₹10,990",3 GB RAM | 32 GB ROM | Expandable Upto 256 GB16.56 cm (6.52 inch) HD+ Display13MP + 2MP + 2MP | 5MP Front Camera4230 mAh Lithium-ion Polymer BatteryMediaTek Helio P35 (MT6765) ProcessorBrand Warranty of 1 Year Available for Mobile Including Battery and 6 Months for Accessories,4.3
292,"REDMI 9 Activ (Metallic Purple, 128 GB)","₹10,480",6 GB RAM | 128 GB ROM | Expandable Upto 512 GB16.59 cm (6.53 inch) HD+ Display13MP + 2MP | 5MP Front Camera5000 mAh Lithium Polymer BatteryMediatek Helio G35 Processor1 Year Manufacturer Warranty for Phone and 6 Months Warranty for in the Box Accessories,4.2
293,"MOTOROLA g22 (Mint Green, 64 GB)","₹11,099",4 GB RAM | 64 GB ROM | Expandable Upto 1 TB16.51 cm (6.5 inch) HD+ Display50MP + 8MP + 2MP + 2MP | 16MP Front Camera5000 mAh Lithium Ion BatteryMediatek Helio G37 Processor1 Year on Handset and 6 Months on Accessories,3.8
294,"REDMI Note 9 (Pebble Grey, 128 GB)","₹14,999",6 GB RAM | 128 GB ROM | Expandable Upto 512 GB16.59 cm (6.53 inch) Full HD+ Display48MP + 8MP + 2MP + 2MP | 13MP Front Camera5020 mAh BatteryMediaTek Helio G85 Processor1 Year Manufacturer Warranty for Device and 6 months Manufacturer Warranty for In-box Accessories Including Batteries from the Date of Purchase,4.3
295,"OPPO A57 (Glowing Gold, 64 GB)","₹13,999",4 GB RAM | 64 GB ROM | Expandable Upto 1 TB16.66 cm (6.56 inch) HD+ Display13MP + 2MP | 8MP Front Camera5000 mAh Lithium-ion Polymer BatteryMediatek Helio G35 Processor1 Year Warranty for Phone and 6 Months Warranty for In-Box Accessories,4.4
296,"REDMI Note 10S (Frost White, 64 GB)","₹16,999",6 GB RAM | 64 GB ROM | Expandable Upto 512 GB16.33 cm (6.43 inch) Full HD+ Super AMOLED Display64MP + 8MP + 2MP + 2MP | 13MP Front Camera5000 mAh Lithium-Ploymer BatteryMediatek Helio G95 Processor1 Year Manufacturer Warranty for Phone and 6 Months Warranty for In the Box Accessories,4.4
297,"LAVA Blaze Pro (Glass Blue, 64 GB)","₹10,499",4 GB RAM | 64 GB ROM | Expandable Upto 256 GB16.51 cm (6.5 inch) HD+ Display50MP Rear Camera | 8MP Front Camera5000 mAh Lithium Polymer BatteryMediatek G37 Octa Core Processor Processor1 Year Handset Warranty and 6 Months Warranty on Accessories,4.2
298,"vivo Y21A (Diamond Glow, 64 GB)","₹13,890",4 GB RAM | 64 GB ROM16.54 cm (6.51 inch) Display13MP Rear Camera5000 mAh Battery1 Year for Handset and 6 Months for Inbox Accessories,4.3
299,"vivo y15s (MYSTIC BLUE, 32 GB)","₹10,590",3 GB RAM | 32 GB ROM16.54 cm (6.51 inch) Display13MP Rear Camera5000 mAh Battery1 YEAR FOR DEVICE & SIX MONTH FOR INBOX ACCESSORIES,4.3
300,"OPPO A 57e (Green, 64 GB)","₹14,999",4 GB RAM | 64 GB ROM | Expandable Upto 1 TB16.66 cm (6.56 inch) HD+ Display13MP + 2MP | 8MP Front Camera5000 mAh BatteryMediatek Helio G35 Processor1 Year Warranty for Phone and 6 Months Warranty for In-Box Accessories,4
301,"OPPO A16 (Crystal Black, 64 GB)","₹12,990",4 GB RAM | 64 GB ROM16.56 cm (6.52 inch) HD+ Display13MP Rear Camera | 8MP Front Camera5000 mAh BatteryMediaTek Helio G35 ProcessorBrand Warranty of 1 Year Available for Mobile Including Battery and 6 Months for Accessories,4.3
302,"OPPO A16 (Pearl Blue, 64 GB)","₹13,990",4 GB RAM | 64 GB ROM16.56 cm (6.52 inch) HD+ Display13MP Rear Camera | 8MP Front Camera5000 mAh BatteryMediaTek Helio G35 ProcessorBrand Warranty of 1 Year Available for Mobile Including Battery and 6 Months for Accessories,4.3
303,"SAMSUNG Galaxy A03 (Red, 64 GB)","₹11,499",4 GB RAM | 64 GB ROM16.51 cm (6.5 inch) HD+ Display48MP + 2MP | 5MP Front Camera5000 mAh Lithium Ion BatteryUnisoc UMS9230 Processor1 Year Manufacturer Warranty for Device and 6 Months Manufacturer Warranty for In-Box,4.1
304,"realme C25Y (Metal Grey, 64 GB)","₹10,999",4 GB RAM | 64 GB ROM | Expandable Upto 256 GB16.51 cm (6.5 inch) HD+ Display50MP + 2MP + 2MP | 8MP Front Camera5000 mAh BatteryUnisoc T610 Octa Core Processor1 Year Warranty for Mobile and 6 Months for Accessories,4.4
305,"vivo Y15s (Mystic Blue, 32 GB)","₹11,499",3 GB RAM | 32 GB ROM | Expandable Upto 1 TB16.54 cm (6.51 inch) HD+ Display13MP + 2MP | 8MP Front Camera5000 mAh Lithium Battery BatteryMediatek Helio P35 Processor1 Year for Device & 6 Months for In-Box Accessories,4.3
306,"SAMSUNG Galaxy M12 (Black, 64 GB)","₹11,999",4 GB RAM | 64 GB ROM16.51 cm (6.5 inch) Display48MP Rear Camera6000 mAh Battery1 Year,4.2
307,"SAMSUNG GALAXY M13 5G (?Stardust Brown, 128 GB)","₹14,397",6 GB RAM | 128 GB ROM16.51 cm (6.5 inch) Display50MP Rear Camera5000 mAh Battery12 Months Warranty,4.2
308,"REDMI Note 9 (Shadow Black, 64 GB)","₹11,999",4 GB RAM | 64 GB ROM | Expandable Upto 512 GB16.59 cm (6.53 inch) Full HD+ Display48MP + 8MP + 2MP + 2MP | 13MP Front Camera5020 mAh BatteryMediaTek Helio G85 Processor1 Year Manufacturer Warranty for Device and 6 months Manufacturer Warranty for In-box Accessories Including Batteries from the Date of Purchase,4.3
309,"POCO M2 (Pitch Black, 64 GB)","₹12,999","6 GB RAM | 64 GB ROM | Expandable Upto 512 GB16.59 cm (6.53 inch) Full HD+ Display13MP + 8MP + 5MP + 2MP | 8MP Front Camera5000 mAh Lithium Polymer BatteryMediaTek Helio G80 Processor1 Year for Handset, 6 Months for Accessories",4.4
310,"Redmi Note 7S (Onyx Black, 64 GB)","₹13,999",4 GB RAM | 64 GB ROM | Expandable Upto 256 GB16.0 cm (6.3 inch) Full HD+ Display48MP + 5MP | 13MP Front Camera4000 mAh BatteryQualcomm Snapdragon 660 AIE ProcessorSplash Proof - Protected by P2iQuick Charge 4.0 SupportBrand Warranty of 1 Year Available for Mobile and 6 Months for Accessories,4.4
311,"Nokia C31 (Mint, 64 GB)","₹9,990",4 GB RAM | 64 GB ROM17.12 cm (6.74 inch) Display13MP Rear Camera5050 mAh BatteryWith a 1-year domestic replacement guarantee.,3.7
312,"Redmi 8 (Emerald Green, 64 GB)","₹10,999",4 GB RAM | 64 GB ROM | Expandable Upto 512 GB15.8 cm (6.22 inch) HD+ Display12MP + 2MP | 8MP Front Camera5000 mAh BatteryQualcomm Snapdragon 439 ProcessorBrand Warranty of 1 Year Available for Mobile and 6 Months for Accessories,4.4
313,"SAMSUNG Galaxy A04 (Copper, 64 GB)","₹11,999",4 GB RAM | 64 GB ROM | Expandable Upto 1 TB16.51 cm (6.5 inch) HD+ Display50MP + 2MP | 5MP Front Camera5000 mAh Lithium Ion BatteryMediatek Helio P35 Processor1 Year Manufacturer Warranty for Device and 6 Months Manufacturer Warranty for In-Box Accessories,4
314,"POCO M2 Pro (Green and Greener, 64 GB)","₹17,999","6 GB RAM | 64 GB ROM | Expandable Upto 512 GB16.94 cm (6.67 inch) Full HD+ Display48MP + 8MP + 5MP + 2MP | 16MP Front Camera5000 mAh Lithium-ion Polymer BatteryQualcomm Snapdragon 720G Processor1 Year for Handset, 6 Months for Accessories",4.4
315,"SAMSUNG Galaxy A03 Core (Black, 32 GB)","₹7,189",2 GB RAM | 32 GB ROM | Expandable Upto 1 TB16.51 cm (6.5 inch) HD+ Display8MP Rear Camera | 5MP Front Camera5000 mAh Li-ion BatteryOcta Core Processor1 Year Manufacturer Warranty for Device and 6 Months Manufacturer Warranty for In-Box,4.1
316,"OPPO A12 (Deep Blue, 64 GB)","₹10,990",4 GB RAM | 64 GB ROM | Expandable Upto 256 GB15.8 cm (6.22 inch) HD+ Display13MP + 2MP | 5MP Front Camera4230 mAh BatteryMediaTek Helio P35 ProcessorBrand Warranty of 1 Year Available for Mobile Including Battery and 6 Months for Accessories,4.4
317,"Nokia C31 (Charcoal, 64 GB)","₹9,399",4 GB RAM | 64 GB ROM17.12 cm (6.74 inch) Display13MP Rear Camera5050 mAh BatteryWith a 1-year domestic replacement guarantee.,3.7
318,"Infinix Note 5 (Berlin Gray, 32 GB)","₹10,999",3 GB RAM | 32 GB ROM | Expandable Upto 128 GB15.21 cm (5.99 inch) Full HD+ Display12MP Rear Camera | 16MP Front Camera4500 mAh Li-ion Polymer BatteryMediatek helio P23 Octa core ProcessorBrand Warranty of 1 Year Available for Mobile and 6 Months for Accessories,4.2
319,"realme C12 (Power Blue, 32 GB)","₹10,999",3 GB RAM | 32 GB ROM | Expandable Upto 256 GB16.56 cm (6.52 inch) HD+ Display13MP + 2MP + 2MP | 5MP Front Camera6000 mAh Lithium-ion BatteryMediatek Helio G35 ProcessorBrand Warranty of 1 Year Available for Mobile and 6 Months for Accessories,4.4
320,"Infinix Note 5 (Ice Blue, 32 GB)","₹10,999",3 GB RAM | 32 GB ROM | Expandable Upto 128 GB15.21 cm (5.99 inch) Full HD+ Display12MP Rear Camera | 16MP Front Camera4500 mAh Li-ion Polymer BatteryMediatek helio P23 Octa core ProcessorBrand Warranty of 1 Year Available for Mobile and 6 Months for Accessories,4.2
321,"vivo Y12s (Phantom Black, 32 GB)","₹13,990",3 GB RAM | 32 GB ROM | Expandable Upto 256 GB16.54 cm (6.51 inch) HD+ Display13MP + 2MP | 8MP Front Camera5000 mAh Li-ion BatterySnapdragon 439 Processor1 Year for Handset and 6 Months for In-box Accessories,4.3
322,"realme C15 (Power Blue, 64 GB)","₹12,999",4 GB RAM | 64 GB ROM | Expandable Upto 256 GB16.56 cm (6.52 inch) HD+ Display13MP + 8MP + 2MP + 2MP | 8MP Front Camera6000 mAh Lithium-ion BatteryMediatek Helio G35 ProcessorBrand Warranty of 1 Year Available for Mobile and 6 Months for Accessories,4.4
323,"Redmi Note 5 (Rose Gold, 64 GB)","₹11,999",4 GB RAM | 64 GB ROM | Expandable Upto 128 GB15.21 cm (5.99 inch) Full HD+ Display12MP Rear Camera | 5MP Front Camera4000 mAh Li Polymer BatteryQualcomm Snapdragon 625 ProcessorBrand Warranty of 1 Year Available for Mobile and 6 Months for Accessories,4.4
324,"Redmi 9 (Carbon Black, 64 GB)","₹10,680",4 GB RAM | 64 GB ROM16.59 cm (6.53 inch) HD+ Display13MP + 2MP | 5MP Front Camera5000 mAh BatteryMediaTek Helio G35 Processor1 year manufacturer warranty for device and 6 months manufacturer warranty for in-box accessories including batteries from the date of purchase,4.2
325,"SAMSUNG Galaxy A04 (Green, 64 GB)","₹11,999",4 GB RAM | 64 GB ROM | Expandable Upto 1 TB16.51 cm (6.5 inch) HD+ Display50MP + 2MP | 5MP Front Camera5000 mAh Lithium Ion BatteryMediatek Helio P35 Processor1 Year Manufacturer Warranty for Device and 6 Months Manufacturer Warranty for In-Box Accessories,4
326,"REDMI NOTE 10 LITE (Glacier White, 128 GB)","₹14,998",4 GB RAM | 128 GB ROM16.94 cm (6.67 inch) Display48MP Rear Camera5020 mAh Battery12 months,4.3
327,"SAMSUNG Galaxy A03 (Red, 32 GB)","₹9,499",3 GB RAM | 32 GB ROM16.51 cm (6.5 inch) HD+ Display48MP + 2MP | 5MP Front Camera5000 mAh Lithium Ion BatteryUnisoc UMS9230 Processor1 Year Manufacturer Warranty for Device and 6 Months Manufacturer Warranty for In-Box,4.1
328,"OPPO A55 (Starry Black, 128 GB)","₹13,999",4 GB RAM | 128 GB ROM | Expandable Upto 256 GB16.54 cm (6.51 inch) HD+ Display50MP + 2MP + 2MP | 16MP Front Camera5000 mAh Lithium-ion Polymer BatteryMediaTek Helio G35 ProcessorBrand Warranty of 1 Year Available for Mobile Including Battery and 6 Months for Accessories,4.3
329,"Micromax IN Note 1 (White, 64 GB)","₹11,499",4 GB RAM | 64 GB ROM | Expandable Upto 256 GB16.94 cm (6.67 inch) Full HD+ Display48MP + 5MP + 2MP + 2MP | 16MP Front Camera5000 mAh Li-Polymer BatteryMediaTek Helio G85 (MT6769V/CZ) ProcessorBrand Warranty of 1 Year Available for Mobile and 6 Months for Accessories,4.1
330,"Micromax IN Note 1 (Green, 128 GB)","₹10,999",4 GB RAM | 128 GB ROM | Expandable Upto 256 GB16.94 cm (6.67 inch) Full HD+ Display48MP + 5MP + 2MP + 2MP | 16MP Front Camera5000 mAh Li-Polymer BatteryMediaTek Helio G85 (MT6769V/CZ) ProcessorBrand Warranty of 1 Year Available for Mobile and 6 Months for Accessories,4.1
331,"MOTOROLA G51 5G (Indigo Blue, 64 GB)","₹14,999",4 GB RAM | 64 GB ROM | Expandable Upto 1 TB17.27 cm (6.8 inch) Full HD+ Display50MP + 8MP + 2MP | 13MP Front Camera5000 mAh Lithium Polymer BatteryQualcomm Snapdragon 480 Pro Processor1 Year on Handset and 6 Months on Accessories,4.1
332,"vivo y15s (MYSTIC BLUE, 32 GB)","₹10,590",3 GB RAM | 32 GB ROM16.54 cm (6.51 inch) Display13MP Rear Camera5000 mAh Battery1 YEAR FOR DEVICE & SIX MONTH FOR INBOX ACCESSORIES,4.3
333,"realme C15 (Power Blue, 32 GB)","₹11,999",3 GB RAM | 32 GB ROM | Expandable Upto 256 GB16.56 cm (6.52 inch) HD+ Display13MP + 8MP + 2MP + 2MP | 8MP Front Camera6000 mAh Lithium-ion BatteryMediatek Helio G35 ProcessorBrand Warranty of 1 Year Available for Mobile and 6 Months for Accessories,4.3
334,"REDMI 10 (Caribbean Green, 64 GB)","₹11,990",4 GB RAM | 64 GB ROM17.04 cm (6.71 inch) Display50MP Rear Camera6000 mAh Battery1 Year Warranty for Phone and 6 Months Warranty for In-Box Accessories,4.3
335,"vivo Y15c (Mystic Blue, 64 GB)","₹11,470",3 GB RAM | 64 GB ROM | Expandable Upto 1 TB16.54 cm (6.51 inch) HD+ Display13MP + 2MP | 8MP Front Camera5000 mAh Lithium BatteryMediatek Helio P35 Processor1 Year for Device & 6 Months for In-Box Accessories,4.2
336,"IQOO Z6 Lite 5G (Stellar Green, 64 GB)","₹13,799",4 GB RAM | 64 GB ROM16.97 cm (6.68 inch) Display50MP Rear Camera5000 mAh Battery1 Year,4.2
337,"realme C15 (Power Blue, 64 GB)","₹12,999",4 GB RAM | 64 GB ROM | Expandable Upto 256 GB16.56 cm (6.52 inch) HD+ Display13MP + 8MP + 2MP + 2MP | 8MP Front Camera6000 mAh Lithium-ion BatteryMediatek Helio G35 ProcessorBrand Warranty of 1 Year Available for Mobile and 6 Months for Accessories,4.4
338,"Redmi Note 5 (Rose Gold, 64 GB)","₹11,999",4 GB RAM | 64 GB ROM | Expandable Upto 128 GB15.21 cm (5.99 inch) Full HD+ Display12MP Rear Camera | 5MP Front Camera4000 mAh Li Polymer BatteryQualcomm Snapdragon 625 ProcessorBrand Warranty of 1 Year Available for Mobile and 6 Months for Accessories,4.4
339,"SAMSUNG Galaxy A04 (Green, 64 GB)","₹11,999",4 GB RAM | 64 GB ROM | Expandable Upto 1 TB16.51 cm (6.5 inch) HD+ Display50MP + 2MP | 5MP Front Camera5000 mAh Lithium Ion BatteryMediatek Helio P35 Processor1 Year Manufacturer Warranty for Device and 6 Months Manufacturer Warranty for In-Box Accessories,4
340,"REDMI NOTE 10 LITE (Glacier White, 128 GB)","₹14,998",4 GB RAM | 128 GB ROM16.94 cm (6.67 inch) Display48MP Rear Camera5020 mAh Battery12 months,4.3
341,"Redmi 9 (Carbon Black, 64 GB)","₹10,680",4 GB RAM | 64 GB ROM16.59 cm (6.53 inch) HD+ Display13MP + 2MP | 5MP Front Camera5000 mAh BatteryMediaTek Helio G35 Processor1 year manufacturer warranty for device and 6 months manufacturer warranty for in-box accessories including batteries from the date of purchase,4.2
342,"SAMSUNG Galaxy A03 (Red, 32 GB)","₹9,499",3 GB RAM | 32 GB ROM16.51 cm (6.5 inch) HD+ Display48MP + 2MP | 5MP Front Camera5000 mAh Lithium Ion BatteryUnisoc UMS9230 Processor1 Year Manufacturer Warranty for Device and 6 Months Manufacturer Warranty for In-Box,4.1
343,"OPPO A55 (Starry Black, 128 GB)","₹13,999",4 GB RAM | 128 GB ROM | Expandable Upto 256 GB16.54 cm (6.51 inch) HD+ Display50MP + 2MP + 2MP | 16MP Front Camera5000 mAh Lithium-ion Polymer BatteryMediaTek Helio G35 ProcessorBrand Warranty of 1 Year Available for Mobile Including Battery and 6 Months for Accessories,4.3
344,"MOTOROLA G51 5G (Indigo Blue, 64 GB)","₹14,999",4 GB RAM | 64 GB ROM | Expandable Upto 1 TB17.27 cm (6.8 inch) Full HD+ Display50MP + 8MP + 2MP | 13MP Front Camera5000 mAh Lithium Polymer BatteryQualcomm Snapdragon 480 Pro Processor1 Year on Handset and 6 Months on Accessories,4.1
345,"Micromax IN Note 1 (Green, 128 GB)","₹10,999",4 GB RAM | 128 GB ROM | Expandable Upto 256 GB16.94 cm (6.67 inch) Full HD+ Display48MP + 5MP + 2MP + 2MP | 16MP Front Camera5000 mAh Li-Polymer BatteryMediaTek Helio G85 (MT6769V/CZ) ProcessorBrand Warranty of 1 Year Available for Mobile and 6 Months for Accessories,4.1
346,"Micromax IN Note 1 (White, 64 GB)","₹11,499",4 GB RAM | 64 GB ROM | Expandable Upto 256 GB16.94 cm (6.67 inch) Full HD+ Display48MP + 5MP + 2MP + 2MP | 16MP Front Camera5000 mAh Li-Polymer BatteryMediaTek Helio G85 (MT6769V/CZ) ProcessorBrand Warranty of 1 Year Available for Mobile and 6 Months for Accessories,4.1
347,"Tecno Spark Go 2023 (Nebula Purple, 64 GB)","₹8,900",4 GB RAM | 64 GB ROM | Expandable Upto 256 GB16.66 cm (6.56 inch) HD+ Display13MP Rear Camera | 5MP Front Camera5000 mAh BatteryMediaTek Helio A22 ProcessorDomestic Warranty of 12 Months on Phone & 6 Months on Accessories,4.1
348,"realme C15 (Power Blue, 32 GB)","₹11,999",3 GB RAM | 32 GB ROM | Expandable Upto 256 GB16.56 cm (6.52 inch) HD+ Display13MP + 8MP + 2MP + 2MP | 8MP Front Camera6000 mAh Lithium-ion BatteryMediatek Helio G35 ProcessorBrand Warranty of 1 Year Available for Mobile and 6 Months for Accessories,4.3
349,"realme C25Y (Metal Grey, 128 GB)","₹12,989",4 GB RAM | 128 GB ROM | Expandable Upto 256 GB16.51 cm (6.5 inch) HD+ Display50MP + 2MP + 2MP | 8MP Front Camera5000 mAh BatteryUnisoc T610 Octa Core Processor1 Year Warranty for Mobile and 6 Months for Accessories,4.4
350,"vivo Y15c (Mystic Blue, 64 GB)","₹11,470",3 GB RAM | 64 GB ROM | Expandable Upto 1 TB16.54 cm (6.51 inch) HD+ Display13MP + 2MP | 8MP Front Camera5000 mAh Lithium BatteryMediatek Helio P35 Processor1 Year for Device & 6 Months for In-Box Accessories,4.2
351,"MOTOROLA G32 (Rose Gold, 128 GB)","₹11,999",8 GB RAM | 128 GB ROM16.51 cm (6.5 inch) Full HD+ Display50MP + 8MP + 2MP | 16MP Front Camera5000 mAh Lithium Polymer BatteryQualcomm Snapdragon 680 Processor1 Year on Handset and 6 Months on Accessories,4.1
352,"realme 2 Pro (Black Sea, 64 GB)","₹13,990",4 GB RAM | 64 GB ROM | Expandable Upto 256 GB16.0 cm (6.3 inch) Full HD+ Display16MP + 2MP | 16MP Front Camera3500 mAh Li-ion BatteryQualcomm Snapdragon 660 Octa Core 1.95GHz AIE ProcessorBrand Warranty of 1 Year Available for Mobile and 6 Months for Accessories,4.5
353,"OPPO A33 (Moonlight Black, 32 GB)","₹10,490",3 GB RAM | 32 GB ROM | Expandable Upto 256 GB16.51 cm (6.5 inch) HD+ Display13MP + 2MP + 2MP | 8MP Front Camera5000 mAh Lithium-ion Polymer BatteryQualcomm Snapdragon 460 Processor90 Hz Punch Hole Display18W Fast ChargingBrand Warranty of 1 Year Available for Mobile Including Battery and 6 Months for Accessories,4.4
354,"OPPO A3s (Red, 16 GB)","₹11,990",2 GB RAM | 16 GB ROM | Expandable Upto 256 GB15.75 cm (6.2 inch) HD+ Display13MP + 2MP | 8MP Front Camera4230 mAh BatteryQualcomm Snapdragon 450 ProcessorBrand Warranty of 1 Year Available for Mobile and 6 Months for Accessories,4.4
355,"realme 3i (Diamond Black, 64 GB)","₹10,499",4 GB RAM | 64 GB ROM | Expandable Upto 256 GB15.8 cm (6.22 inch) HD+ Display13MP + 2MP | 13MP Front Camera4230 mAh BatteryMediaTek Helio P60 Octa Core 2.0 GHz ProcessorTriple Slots (Dual SIM + Memory Card)Fingerprint Sensor and Face UnlockBrand Warranty of 1 Year Available for Mobile and 6 Months for Accessories,4.4
356,"realme 3i (Diamond Red, 64 GB)","₹10,499",4 GB RAM | 64 GB ROM | Expandable Upto 256 GB15.8 cm (6.22 inch) HD+ Display13MP + 2MP | 13MP Front Camera4230 mAh BatteryMediaTek Helio P60 Octa Core 2.0 GHz ProcessorTriple Slots (Dual SIM + Memory Card)Fingerprint Sensor and Face UnlockBrand Warranty of 1 Year Available for Mobile and 6 Months for Accessories,4.4
357,"realme C15 (Power Silver, 32 GB)","₹11,999",3 GB RAM | 32 GB ROM | Expandable Upto 256 GB16.56 cm (6.52 inch) HD+ Display13MP + 8MP + 2MP + 2MP | 8MP Front Camera6000 mAh Lithium-ion BatteryMediatek Helio G35 ProcessorBrand Warranty of 1 Year Available for Mobile and 6 Months for Accessories,4.3
358,"POCO M2 (Slate Blue, 128 GB)","₹14,999","6 GB RAM | 128 GB ROM | Expandable Upto 512 GB16.59 cm (6.53 inch) Full HD+ Display13MP + 8MP + 5MP + 2MP | 8MP Front Camera5000 mAh Lithium Polymer BatteryMediaTek Helio G80 Processor1 Year for Handset, 6 Months for Accessories",4.4
359,"Nokia 2.4 (Fjord Blue, 64 GB)","₹11,280",3 GB RAM | 64 GB ROM | Expandable Upto 512 GB16.51 cm (6.5 inch) HD+ Display13MP + 2MP | 5MP Front Camera4500 mAh Li-ion Polymer BatteryMediaTek Helio P22 Processor1 Year Manufacturer Warranty for Device and Battery and 6 Months Manufacturer Warranty for In-Box Accessories from the Date of Purchase,4.1
